15,0,0,0,0,0,   //城番号
5500,750000,1,1,271,15,0,0,0,0,	//幅,	城体力,	生産最低F,生産最高F,	背景種類,	出現最大数,以後未使用
294,0,100,300,400,100,7,9,0,200
44,1,150,1,1,100,5,6,0,600
294,2,450,100,150,100,7,9,0,200
15,10,0,100,150,99,7,9,0,3000
792,1,0,1,1,99,0,0,1,155
44,5,0,400,500,99,5,6,0,600
293,2,200,1000,1000,99,2,3,0,200,0,0,1
429,1,1500,1500,1500,99,1,1,0,150,0,0,1
0,0,0,0,0,0,0,9,0,100,
0,0,0,0,0,0,0,9,0,100,
0,0,0,0,0,0,0,9,0,100,
0,0,0,0,0,0,0,9,0,100,
0,0,0,0,0,0,0,9,0,100,
0,0,0,0,0,0,0,9,0,100,
0,0,0,0,0,0,0,9,0,100,
0,0,0,0,0,0,0,9,0,100,
0,0,0,0,0,0,0,9,0,100,
0,0,0,0,0,0,0,9,0,100,
0,0,0,0,0,0,0,9,0,100,
0,0,0,0,0,0,0,9,0,100,
0,0,0,0,0,0,0,9,0,100,
0,0,0,0,0,0,0,9,0,100,
0,0,0,0,0,0,0,9,0,100,
0,0,0,0,0,0,0,9,0,100,


//敵は１ステージ最大１０種類