0,0,0,0,0,0,			//城番号
4200,9999999,1,1,43,12,285,3,0,0,	//幅,	城体力,	生産最低F,生産最高F,	背景種類,	出現最大数,以後未使用
285,1,0,1,1,0,0,0,1,100
793,1,1,1,1,3400000,1,1,1,180,10000
692,1,1,1,1,3400000,2,5,1,1200,7500
790,1,1,1,1,3200000,1,1,1,4400,7500,2200
691,1,1,1,1,3200000,2,5,1,700,7500
792,1,1,1,1,3000000,2,5,1,250,7500
791,1,1,1,1,3000000,6,9,1,12000,7500,6000
690,1,1,1,1,2800000,6,9,1,1500,7500,600
693,1,1,1,1,2800000,6,9,1,600,7500,450
793,1,1,1,1,2600000,1,1,1,150,10000
692,1,1,1,1,2600000,2,5,1,1000,7500
790,1,1,1,1,2400000,1,1,1,3800,7500,1800
691,1,1,1,1,2400000,2,5,1,600,7500
792,1,1,1,1,2200000,2,5,1,220,7500
791,1,1,1,1,2200000,6,9,1,10000,7500,5000
690,1,1,1,1,2000000,6,9,1,1200,7500,400
693,1,1,1,1,2000000,6,9,1,500,7500,400
793,1,1,1,1,1800000,1,1,1,120,10000
692,1,1,1,1,1800000,2,5,1,800,7500
790,1,1,1,1,1650000,1,1,1,3200,7500,1400
691,1,1,1,1,1650000,2,5,1,400,7500
792,1,1,1,1,1500000,2,5,1,180,7500
791,1,1,1,1,1500000,6,9,1,8500,7500,4000
693,1,1,1,1,1350000,6,9,1,400,7500,300
690,1,1,1,1,1350000,6,9,1,800,7500,300
793,1,1,1,1,1200000,1,1,1,100,10000
17,0,100,120,150,1200000,9,9,0,150,500
792,1,1,1,1,1050000,2,5,1,155,7500
17,3,100,60,90,1050000,9,9,0,150,500
791,1,1,1,1,950000,6,9,1,6000,7500,3200
17,3,100,60,90,950000,9,9,0,150,500
790,1,1,1,1,850000,1,1,1,2350,7500,1200
17,3,100,60,90,850000,9,9,0,150,500
693,1,1,1,1,750000,6,9,1,250,7500
17,3,100,60,90,750000,9,9,0,150,500
692,1,1,1,1,650000,2,5,1,450,7500
17,3,100,60,90,650000,9,9,0,150,500
691,1,1,1,1,550000,2,5,1,225,7500
17,3,100,60,90,550000,9,9,0,150,500
690,1,1,1,1,450000,6,9,1,250,7500
17,3,100,60,90,450000,9,9,0,150,500
792,1,1,1,1,350000,2,5,1,100,5000
17,3,100,60,90,350000,9,9,0,150,500
791,1,1,1,1,250000,6,9,1,2000,5000,1500
17,3,100,60,90,250000,9,9,0,150,500
790,1,1,1,1,150000,1,1,1,1200,5000,750
17,3,100,60,90,150000,9,9,0,150,500
693,1,1,1,1,80000,6,9,1,100,3000
17,3,100,60,90,80000,9,9,0,150,500
692,1,1,1,1,40000,2,5,1,200,3000
17,3,100,60,90,40000,9,9,0,150,500
691,1,1,1,1,10000,2,5,1,40,3000
17,3,100,60,90,10000,9,9,0,150,500
690,1,1,1,1,500,6,9,1,20,3000
17,0,100,150,200,0,9,9,0,150,500


//敵は１ステージ最大１０種類
//にゃんこ道場
