stageID,星解放,裏星解放,星1倍率,星2倍率,星3倍率,星4倍率,ゲリラset,報酬リセットType,1度きり表示,表示順,インターバル,挑戦フラグ,マップ難易度,クリア後非表示,XP2倍広告,生産額倍率,統率力フラグ,ステージ全表示設定,マップ名
0,4,0,100,150,200,300,0,0,0,0,0,0,7,0,0,0,1,0,レジェンドステージ：伝説のはじまり
1,4,0,100,150,200,300,0,0,0,0,0,0,4,0,0,0,1,0,レジェンドステージ：情熱の国
2,4,0,100,150,200,300,0,0,0,0,0,0,12,0,0,0,1,0,レジェンドステージ：グルコサミン砂漠
3,4,0,100,150,200,300,0,0,0,0,0,0,8,0,0,0,1,0,レジェンドステージ：猫ども海を渡る
4,4,0,100,150,200,300,0,0,0,0,0,0,8,0,0,0,1,0,レジェンドステージ：見つめてキャッツアイ
5,4,0,100,150,200,300,0,0,0,0,0,0,24,0,0,0,1,0,レジェンドステージ：ウエスタン街道
6,4,0,100,150,200,300,0,0,0,0,0,0,16,0,0,0,1,0,レジェンドステージ：マグロ海域
7,4,0,100,150,200,300,0,0,0,0,0,0,16,0,0,0,1,0,レジェンドステージ：バンブー島
8,4,0,100,150,200,300,0,0,0,0,0,0,16,0,0,0,1,0,レジェンドステージ：ぷにぷに鍾乳洞
9,4,0,100,150,200,300,0,0,0,0,0,0,48,0,0,0,1,0,レジェンドステージ：ボルケーノ火山
10,4,0,100,150,200,300,0,0,0,0,0,0,32,0,0,0,1,0,レジェンドステージ：千里の道
11,4,0,100,150,200,300,0,0,0,0,0,0,32,0,0,0,1,0,レジェンドステージ：アオ・ザ・カナ
12,4,0,100,150,200,300,0,0,0,0,0,0,32,0,0,0,1,0,レジェンドステージ：軍艦島
13,4,0,100,150,200,300,0,0,0,0,0,0,32,0,0,0,1,0,レジェンドステージ：つめとぎの廊下
14,4,0,100,150,200,200,0,0,0,0,0,0,32,0,0,0,1,0,レジェンドステージ：パルテノン神殿
15,4,0,100,150,200,200,0,0,0,0,0,0,32,0,0,0,1,0,レジェンドステージ：ずんどこ海水浴場
16,4,0,100,150,200,200,0,0,0,0,0,0,32,0,0,0,1,0,レジェンドステージ：アルカトラズ島
17,4,0,100,150,170,150,0,0,0,0,0,0,96,0,0,0,1,0,レジェンドステージ：脱獄トンネル
18,4,0,100,150,170,140,0,0,0,0,0,0,64,0,0,0,1,0,レジェンドステージ：カポネの監獄
19,4,0,100,140,160,140,0,0,0,0,0,0,64,0,0,0,1,0,レジェンドステージ：シルクロード
20,4,0,100,130,150,130,0,0,0,0,0,0,128,0,0,0,1,0,レジェンドステージ：闇へと続く地下道
21,4,0,100,120,140,130,0,0,0,0,0,0,128,0,0,0,1,0,レジェンドステージ：魔王の豪邸
22,4,0,100,120,140,120,0,0,0,0,0,0,128,0,0,0,1,0,レジェンドステージ：終わりを告げる夜
23,4,0,100,120,140,120,0,0,0,0,0,0,128,0,0,0,1,0,レジェンドステージ：バトルロワイアル
24,4,0,100,120,140,110,0,0,0,0,0,0,128,0,0,0,1,0,レジェンドステージ：戦争のつめあと
25,4,0,100,120,140,110,0,0,0,0,0,0,128,0,0,0,1,0,レジェンドステージ：海を汚す悪しき者
26,4,0,100,120,140,100,0,0,0,0,0,0,128,0,0,0,1,0,レジェンドステージ：心と体、繋ぐもの
27,4,0,100,120,140,100,0,0,0,0,0,0,128,0,0,0,1,0,レジェンドステージ：脆弱性と弱酸性
28,4,0,100,120,140,100,0,0,0,0,0,0,128,0,0,0,1,0,レジェンドステージ：導かれしネコ達
29,4,0,100,120,140,100,0,0,0,0,0,0,128,0,0,0,1,0,レジェンドステージ：暗黒コスモポリス
30,4,0,100,120,140,100,0,0,0,0,0,0,256,0,0,0,1,0,レジェンドステージ：ガラ・パ・ゴス
31,4,0,100,120,140,100,0,0,0,0,0,0,256,0,0,0,1,0,レジェンドステージ：岩海苔半島
32,4,0,100,120,140,100,0,0,0,0,0,0,256,0,0,0,1,0,レジェンドステージ：恐ろし連邦
33,4,0,100,120,140,100,0,0,0,0,0,0,256,0,0,0,1,0,レジェンドステージ：亡者の住まう地
34,4,0,100,120,140,100,0,0,0,0,0,0,256,0,0,0,1,0,レジェンドステージ：絶島パンデミック
35,4,0,100,120,130,100,0,0,0,0,0,0,256,0,0,0,1,0,レジェンドステージ：ふくろのねずみランド
36,4,0,100,120,130,100,0,0,0,0,0,0,256,0,0,0,1,0,レジェンドステージ：ハリーウッド帝国
37,4,0,100,120,130,100,0,0,0,0,0,0,256,0,0,0,1,0,レジェンドステージ：こしぎんちゃくの浜辺
38,4,0,100,120,130,100,0,0,0,0,0,0,256,0,0,0,1,0,レジェンドステージ：雲泥温泉郷
39,4,0,100,120,130,100,0,0,0,0,0,0,256,0,0,0,1,0,レジェンドステージ：風待ちアイランド
40,4,0,100,120,130,100,0,0,0,0,0,0,256,0,0,0,1,0,レジェンドステージ：ITカタコンベ
41,4,0,100,120,130,100,0,0,0,0,0,0,256,0,0,0,1,0,レジェンドステージ：変覧会の絵
42,4,0,100,120,130,100,0,0,0,0,0,0,256,0,0,0,1,0,レジェンドステージ：エリア２２
43,4,0,100,120,130,100,0,0,0,0,0,0,256,0,0,0,1,0,レジェンドステージ：超越サバンナ
44,4,0,100,120,130,100,0,0,0,0,0,0,256,0,0,0,1,0,レジェンドステージ：ブリザード自動車道
45,4,0,100,120,130,100,0,0,0,0,0,0,256,0,0,0,1,0,レジェンドステージ：シンギュラリティ村
46,4,0,100,120,130,100,0,0,0,0,0,0,256,0,0,0,1,0,レジェンドステージ：オワーリ大陸
47,4,0,100,120,130,100,0,0,0,0,0,0,256,0,0,0,1,0,レジェンドステージ：伝説のおわり
48,4,0,100,120,130,100,0,0,0,0,0,0,256,0,0,0,1,0,レジェンドステージ：古代研究所
1000,1,0,100,150,200,300,32,0,0,1001000,0,0,14,0,0,0,1,0,スペシャル月曜ステージ
1001,1,0,100,150,200,300,32,0,0,1001010,0,0,14,0,0,0,1,0,スペシャル火曜ステージ
1002,1,0,100,150,200,300,32,0,0,1001020,0,0,14,0,0,0,1,0,スペシャル水曜ステージ
1003,1,0,100,150,200,300,32,0,0,1001030,0,0,14,0,0,0,1,0,スペシャル木曜ステージ
1004,1,0,100,150,200,300,32,0,0,1001040,0,0,14,0,0,0,1,0,スペシャル金曜ステージ
1005,1,0,100,150,200,300,2,0,0,0,0,0,0,0,0,0,1,0,スペシャル土日ステージ(旧)
1006,1,0,100,150,200,300,9,0,0,1005000,0,0,2,0,0,0,1,0,スペシャルにゃんチケ★チャンス！
1007,1,0,100,150,200,300,9,0,0,1005010,0,0,16,0,0,0,1,0,スペシャル逆襲のカバちゃん
1008,3,0,100,150,200,300,0,0,0,0,0,0,0,0,0,0,1,0,スペシャル秋だよ運動会！(旧)
1009,4,0,100,150,200,300,0,0,0,1007020,0,0,31,0,0,0,1,0,スペシャル勤労感謝スペシャル！
1010,4,0,100,150,200,300,0,0,0,1007000,0,0,31,0,0,0,1,0,なんとクリスマスが来た！
1011,4,0,100,150,200,300,0,0,0,1007220,0,0,31,0,0,0,1,0,新年、あけました！おめっ...
1012,4,0,100,150,200,250,0,0,0,1007200,0,0,63,0,0,0,1,0,召喚された福！
1013,4,0,100,150,200,300,0,0,0,1007180,0,0,31,0,0,0,1,0,雛壇の戦士達
1014,1,0,100,150,200,300,0,0,0,1017000,0,1,16,0,0,0,1,0,紅のカタストロフ
1015,1,0,100,150,200,300,0,0,0,1017020,0,1,16,0,0,0,1,0,ダークネスヘブン
1016,1,0,100,150,200,300,0,0,0,1017040,0,1,16,0,0,0,1,0,国士無双
1017,1,0,100,150,200,300,0,0,0,1014000,0,1,64,0,0,0,1,0,狂乱のネコ降臨
1018,1,0,100,150,200,300,0,0,0,1014010,0,1,64,0,0,0,1,0,狂乱のタンク降臨
1019,1,0,100,150,200,300,0,0,0,1014020,0,1,64,0,0,0,1,0,狂乱のバトル降臨
1020,1,0,100,150,200,300,0,0,0,1014030,0,1,64,0,0,0,1,0,狂乱のキモネコ降臨
1021,1,0,100,150,200,300,0,0,0,1014040,0,1,64,0,0,0,1,0,狂乱のウシ降臨
1022,1,0,100,150,200,300,0,0,0,1014050,0,1,64,0,0,0,1,0,狂乱のトリ降臨
1023,1,0,100,150,200,300,0,0,0,1014060,0,1,64,0,0,0,1,0,狂乱のフィッシュ降臨
1024,1,0,100,150,200,300,0,0,0,1014070,0,1,64,0,0,0,1,0,狂乱のトカゲ降臨
1025,1,0,100,150,200,300,0,0,0,1014080,0,1,64,0,0,0,1,0,狂乱の巨神降臨
1026,4,0,100,150,200,300,0,0,0,1007160,0,0,31,0,0,0,1,0,春だよ！高校教師
1027,1,0,100,150,200,300,2,0,0,1001050,0,0,62,0,1,0,1,0,土日ステージ
1028,1,0,100,150,200,300,3,0,0,1004000,0,0,62,0,1,0,1,0,ゲリラ経験値にゃ！
1029,4,0,100,150,200,300,0,0,0,1007140,0,0,31,0,0,0,1,0,コイの五月病
1030,4,0,100,150,200,300,0,0,0,1007120,0,0,31,0,0,0,1,0,禁断の花嫁
1031,4,0,100,150,200,300,0,0,0,1007100,0,0,31,0,0,0,1,0,だって夏じゃニャーイ！
1032,4,0,100,150,200,300,0,0,0,1007080,0,0,31,0,0,0,1,0,あの世からの帰省ラッシュ！
1033,3,0,100,150,200,300,0,0,0,1025000,0,0,64,0,0,0,1,0,月イベントオールスターズ スペシャル記念！
1034,3,0,100,150,200,300,0,0,0,1025010,0,0,64,0,0,0,1,0,月イベントオールスターズ ウルトラ記念！
1035,3,0,100,150,200,300,0,0,0,1025020,0,0,64,0,0,0,1,0,月イベントオールスターズ ミラクル記念！
1036,4,0,100,150,200,300,0,0,0,1007060,0,0,31,0,0,0,1,0,町でみたすごい老人
1037,1,0,100,150,200,300,0,0,0,1027000,0,0,1,0,0,0,1,0,韓国版☆特別ステージ
1038,4,0,100,150,200,300,0,0,0,1007040,0,0,31,0,0,0,1,0,秋だよ運動会！
1039,1,0,100,150,200,300,0,0,0,1017060,0,1,64,0,0,0,1,0,天罰
1040,1,0,100,150,200,300,0,0,0,0,0,0,1,0,0,0,1,0,バースデープレゼント！その1
1041,1,0,100,150,200,300,0,0,0,0,0,0,1,0,0,0,1,0,バースデープレゼント！その2
1042,1,0,100,150,200,300,0,0,0,0,0,0,1,0,0,0,1,0,バースデープレゼント！その3
1043,1,0,100,150,200,300,0,0,0,1017080,0,1,16,0,0,0,1,0,鉄子の部屋
1044,1,0,100,150,200,300,0,0,0,0,0,0,1,0,0,0,1,0,ことよろにゃ！
1045,1,0,100,150,200,300,0,0,0,1012000,0,0,192,0,0,0,1,0,開眼の女優襲来！
1046,1,0,100,150,200,300,0,0,0,1012010,0,0,192,0,0,0,1,0,開眼のカンフー襲来！
1047,1,0,100,150,200,300,0,0,0,1012020,0,0,192,0,0,0,1,0,開眼のMr.襲来！
1048,1,0,100,150,200,300,0,0,0,1012030,0,0,192,0,0,0,1,0,開眼の猫縛り襲来！
1049,1,0,100,150,200,300,0,0,0,1012040,0,0,192,0,0,0,1,0,開眼の女王猫襲来！
1050,1,0,100,150,200,300,0,0,0,1012050,0,0,144,0,0,0,1,0,開眼の箱詰め襲来！
1051,1,0,100,150,200,300,0,0,0,1012060,0,0,144,0,0,0,1,0,開眼のパンツ襲来！
1052,1,0,100,150,200,300,0,0,0,1012070,0,0,72,0,0,0,1,0,開眼のリンリン襲来！
1053,1,0,100,150,200,300,0,0,0,1012080,0,0,80,0,0,0,1,0,開眼の忍者襲来！
1054,1,0,100,150,200,300,0,0,0,1012090,0,0,192,0,0,0,1,0,開眼のゾンビ襲来！
1055,1,0,100,150,200,300,0,0,0,1012100,0,0,80,0,0,0,1,0,開眼のさむらい襲来！
1056,1,0,100,150,200,300,0,0,0,1012110,0,0,192,0,0,0,1,0,開眼のスモウ襲来！
1057,1,0,100,150,200,300,0,0,0,1012120,0,0,192,0,0,0,1,0,開眼のフィーバー襲来！
1058,1,0,100,150,200,300,0,0,0,1012130,0,0,160,0,0,0,1,0,開眼のスカート襲来！
1059,1,0,100,150,200,300,3,0,0,1004010,0,0,128,0,1,0,1,0,超ゲリラ経験値にゃ！
1060,3,0,100,150,200,300,0,2,0,0,0,0,25,0,0,0,1,0,バレンタインVSホワイトデー大戦争(旧)
1061,3,0,100,150,200,300,0,0,0,0,0,0,8,0,0,0,1,0,闇討ち 1st(旧)
1062,3,0,100,150,200,300,0,0,0,0,0,0,8,0,0,0,1,0,闇討ち 2nd(旧)
1063,3,0,100,150,200,300,0,0,0,0,0,0,8,0,0,0,1,0,闇討ち 3rd(旧)
1064,3,0,100,150,200,300,0,0,0,0,0,0,64,0,0,0,1,0,闇討ち Last(旧)
1065,4,0,100,150,200,300,0,2,0,1056000,0,0,30,0,0,0,1,0,とびだす！にゃんこ大戦争
1066,1,0,100,150,200,300,0,0,0,1017100,0,1,64,0,0,0,1,0,絶望異次元
1067,1,0,100,150,200,300,0,0,0,1028000,0,0,1,0,0,0,1,0,TWその１
1068,1,0,100,150,200,300,0,0,0,0,0,0,1,0,0,0,1,0,2000万ダウンロード記念 ハッピープレゼント！
1069,1,0,100,150,200,300,0,1,0,1024000,0,0,128,0,0,0,1,0,極ムズカーニバル！
1070,3,0,100,150,200,300,0,0,0,1025030,0,0,128,0,0,0,1,0,月イベントオールスターズ ワンダフル記念！
1071,1,0,100,150,200,300,0,0,0,1029000,0,0,1,0,0,0,1,0,EN１
1072,3,0,100,150,200,300,0,0,0,0,0,0,95,0,0,0,1,0,王道ハロウィン到来！(旧)
1073,1,0,100,150,200,300,33,0,0,1002000,0,0,16,0,0,0,1,0,ゲリラ月曜ステージ
1074,1,0,100,150,200,300,33,0,0,1002010,0,0,16,0,0,0,1,0,ゲリラ火曜ステージ
1075,1,0,100,150,200,300,33,0,0,1002020,0,0,16,0,0,0,1,0,ゲリラ水曜ステージ
1076,1,0,100,150,200,300,33,0,0,1002030,0,0,16,0,0,0,1,0,ゲリラ木曜ステージ
1077,1,0,100,150,200,300,33,0,0,1002040,0,0,16,0,0,0,1,0,ゲリラ金曜ステージ
1078,1,0,100,150,200,300,9,1,1,1005020,0,0,16,0,0,0,1,0,逆襲のカオル君
1079,3,0,100,150,200,300,0,0,0,1025040,0,0,128,0,0,0,1,0,イベントオールスターズ エクセレント記念！
1080,1,0,100,150,200,300,0,0,0,0,0,0,1,0,0,0,1,0,バースデープレゼント！
1081,3,0,100,150,200,300,0,0,0,0,0,0,79,0,0,0,1,0,赤鼻サンタのプレゼント！(旧)
1082,1,0,100,150,200,300,0,0,0,0,0,0,1,0,0,0,1,0,ことよろにゃ！(ΦωΦ)
1083,1,0,100,150,200,300,0,0,0,1013000,0,0,192,0,0,0,1,0,開眼のにゃんこ成人襲来！
1084,1,0,100,150,200,300,0,0,0,1013010,0,0,192,0,0,0,1,0,開眼の吾輩は鬼である襲来！
1085,1,0,100,150,200,300,0,0,0,1013020,0,0,192,0,0,0,1,0,開眼のひなにゃんこ襲来！
1086,1,0,100,150,200,300,0,0,0,1013030,0,0,192,0,0,0,1,0,開眼のネコ乙女襲来！
1087,1,0,100,150,200,300,0,0,0,1013040,0,0,192,0,0,0,1,0,開眼のマジでコイしてる襲来！
1088,1,0,100,150,200,300,0,0,0,1013050,0,0,192,0,0,0,1,0,開眼のマダム・ザ・花嫁襲来！
1089,1,0,100,150,200,300,0,0,0,1013060,0,0,192,0,0,0,1,0,開眼の女王様の休日襲来！
1090,1,0,100,150,200,300,0,0,0,1013070,0,0,192,0,0,0,1,0,開眼のうらめしにゃん襲来！
1091,1,0,100,150,200,300,0,0,0,1013080,0,0,192,0,0,0,1,0,開眼のカンフーにゃんこＧ襲来！
1092,1,0,100,150,200,300,0,0,0,1013090,0,0,192,0,0,0,1,0,開眼のネコ運動会襲来！
1093,1,0,100,150,200,300,0,0,0,1013100,0,0,192,0,0,0,1,0,開眼のネコリーマン襲来！
1094,1,0,100,150,200,300,0,0,0,1013110,0,0,192,0,0,0,1,0,開眼のトナカイフィッシュ襲来！
1095,1,1,100,150,200,300,0,0,0,1019000,0,1,128,0,0,0,1,0,断罪天使クオリネル降臨
1096,1,0,100,150,200,300,0,0,0,1017120,0,1,128,0,0,0,1,0,緊急爆風警報
1097,1,0,100,150,200,300,0,0,0,0,0,0,0,0,0,0,1,0,進化の緑マタタビ(旧)
1098,1,0,100,150,200,300,0,0,0,0,0,0,0,0,0,0,1,0,進化の紫マタタビ(旧)
1099,1,0,100,150,200,300,0,0,0,0,0,0,0,0,0,0,1,0,進化の赤マタタビ(旧)
1100,1,0,100,150,200,300,0,0,0,0,0,0,0,0,0,0,1,0,進化の青マタタビ(旧)
1101,1,0,100,150,200,300,0,0,0,0,0,0,0,0,0,0,1,0,進化の黄マタタビ(旧)
1102,1,0,100,150,200,300,0,0,0,1015000,0,1,256,0,0,0,1,0,大狂乱のネコ降臨
1103,1,0,100,150,200,300,0,0,0,1015010,0,1,256,0,0,0,1,0,大狂乱のタンク降臨
1104,1,0,100,150,200,300,0,0,0,1015020,0,1,256,0,0,0,1,0,大狂乱のバトル降臨
1105,1,0,100,150,200,300,0,0,0,1015030,0,1,256,0,0,0,1,0,大狂乱のキモネコ降臨
1106,1,0,100,150,200,300,0,0,0,1015040,0,1,256,0,0,0,1,0,大狂乱のウシ降臨
1107,1,0,100,150,200,300,0,0,0,1015050,0,1,256,0,0,0,1,0,大狂乱のトリ降臨
1108,1,0,100,150,200,300,0,0,0,1015060,0,1,256,0,0,0,1,0,大狂乱のフィッシュ降臨
1109,1,0,100,150,200,300,0,0,0,1015070,0,1,256,0,0,0,1,0,大狂乱のトカゲ降臨
1110,1,0,100,150,200,300,0,0,0,1015080,0,1,256,0,0,0,1,0,大狂乱の巨神降臨
1111,1,0,100,150,200,300,0,3,1,1018000,0,0,256,0,0,0,1,0,弱り目に祟り目
1112,1,0,100,150,200,300,0,3,1,1018010,0,0,256,0,0,0,1,0,神判の日
1113,1,0,100,150,200,300,0,0,0,0,0,0,1,0,0,0,1,0,協賛BitSummit記念！
1114,1,0,100,150,200,300,0,3,1,1018020,0,0,256,0,0,0,1,0,オーバーテクノロジー
1115,3,0,100,150,200,300,0,2,0,1075000,0,0,63,0,0,0,1,0,ときめき夏祭り
1116,1,0,100,150,200,300,0,1,1,1031000,0,0,1,0,0,0,1,0,謎の宅配便
1117,1,1,100,150,200,300,0,0,0,1019020,0,1,256,0,0,0,1,0,地獄門
1118,1,0,100,150,200,300,5,0,0,1003040,0,0,112,0,0,0,1,0,マタタビチャレンジ
1119,1,1,100,150,200,300,0,0,0,1019040,0,1,256,0,0,0,1,0,女帝飛来
1120,1,0,100,150,200,300,0,1,0,1024010,0,0,256,0,0,0,1,0,極ムズカーニバル2！
1121,1,0,100,150,200,300,0,0,0,0,0,0,0,0,0,0,1,0,文化祭グルメ戦争(旧)
1122,1,0,100,150,200,300,0,0,0,1017140,0,1,128,0,0,0,1,0,ローリングデッド
1123,1,0,100,150,200,300,0,0,0,0,0,0,1,0,0,0,1,0,バースデープレゼント！
1124,1,0,100,150,200,300,3,0,0,1004020,0,0,256,0,1,0,1,0,極ゲリラ経験値にゃ！
1125,1,0,100,150,200,300,0,2,0,1072000,0,0,59,0,0,0,1,0,にゃんこ雪まつり
1126,1,0,100,150,200,300,0,0,0,0,0,0,1,0,0,0,1,0,ことよろにゃ！(ΦωΦ)
1127,3,0,100,130,150,300,0,0,0,0,0,0,265,0,0,0,1,0,２２２ ～猫の日～(旧)
1128,1,1,100,150,200,300,0,0,0,1019060,0,1,256,0,0,0,1,0,亡者デブウ降臨
1129,4,0,100,150,200,300,0,2,0,1068000,0,0,63,0,0,0,1,0,謎のイースター
1130,1,0,100,150,200,300,0,0,0,1010000,0,0,512,0,0,0,1,0,開眼のちびネコ襲来！
1131,1,0,100,150,200,300,0,0,0,1010010,0,0,512,0,0,0,1,0,開眼のちびタンクネコ襲来！
1132,1,0,100,150,200,300,0,0,0,1010020,0,0,512,0,0,0,1,0,開眼のちびバトルネコ襲来！
1133,1,0,100,150,200,300,0,0,0,1010030,0,0,512,0,0,0,1,0,開眼のちびキモネコ襲来！
1134,1,0,100,150,200,300,0,0,0,1010040,0,0,512,0,0,0,1,0,開眼のちびウシネコ襲来！
1135,1,0,100,150,200,300,0,0,0,1010050,0,0,512,0,0,0,1,0,開眼のちびネコノトリ襲来！
1136,1,0,100,150,200,300,0,0,0,1010060,0,0,512,0,0,0,1,0,開眼のちびネコフィッシュ襲来！
1137,1,0,100,150,200,300,0,0,0,1010070,0,0,512,0,0,0,1,0,開眼のちびネコトカゲ襲来！
1138,1,0,100,150,200,300,0,0,0,1010080,0,0,512,0,0,0,1,0,開眼のちびネコ巨神襲来！
1139,1,0,100,150,200,300,0,0,0,0,0,0,1,0,0,0,1,0,謎のプレゼント
1140,1,0,100,150,200,300,0,2,0,1061000,0,0,59,0,0,0,1,0,黄金週間ゴールデンウィーク
1141,1,0,100,150,200,300,0,0,0,0,0,0,1,0,0,0,1,0,協賛BitSummit記念！
1142,1,0,100,150,200,300,0,0,0,0,0,0,0,0,0,0,1,0,じめじめなめなめ大進撃！(旧)
1143,1,0,100,150,200,300,0,0,0,1056010,0,0,192,0,0,0,1,0,開眼のにゃんこカート襲来！
1144,1,0,100,150,200,300,0,0,0,1027010,0,0,8,0,0,0,1,0,開眼のネコンドー襲来！
1145,1,0,100,150,200,300,0,0,0,0,0,0,1,0,0,0,1,0,3000万ダウンロード記念 ハッピープレゼント！
1146,3,0,100,150,200,300,0,0,0,1025050,0,0,128,0,0,0,1,0,イベントオールスターズ グレイト記念！
1147,1,0,100,150,200,300,0,0,0,0,0,0,1,0,0,0,1,0,謎のプレゼント2
1148,1,0,100,150,200,300,0,0,0,1009000,0,0,1,0,0,0,1,0,開眼のネコフラワー襲来！
1149,1,0,100,150,200,300,0,2,0,1075060,0,0,59,0,0,0,1,0,サマーレッスン
1150,1,0,100,150,200,300,17,0,0,1006000,0,0,84,0,0,0,1,0,レンガと宇宙石の洞窟
1151,1,0,100,150,200,300,17,0,0,1006010,0,0,84,0,0,0,1,0,備長炭と謎の骨の島
1152,1,0,100,150,200,300,17,0,0,1006020,0,0,84,0,0,0,1,0,羽根と歯車と黄金の岬
1153,1,0,100,150,200,300,0,0,0,1029010,0,0,4,0,0,0,1,0,開眼のにゃんこバーガー襲来！
1154,1,0,100,150,200,300,0,2,0,1063000,0,0,41,0,0,0,1,0,秋色シルバーウィーク
1155,1,0,100,150,200,300,3,1,1,1004030,0,0,512,0,1,0,1,0,超極ゲリラ経験値にゃ！
1156,1,0,100,150,200,300,0,1,1,0,0,0,1,0,0,0,1,0,バースデープレゼント！
1157,1,0,100,150,200,300,0,0,0,1017180,0,1,128,0,0,0,1,0,絶望新次元
1158,1,1,100,150,200,300,0,0,0,1019080,0,1,256,0,0,0,1,0,チワワン伯爵降臨
1159,1,0,100,150,200,300,0,0,0,0,0,0,1,0,0,0,1,0,ことよろにゃ！(ΦωΦ)
1160,1,0,100,150,200,300,0,2,0,1060000,0,0,59,0,0,0,1,0,がんばれ！受験大戦争
1161,1,0,100,150,200,300,0,0,0,1014090,0,1,336,0,0,0,1,0,狂乱のもねこ降臨
1162,1,0,100,150,200,300,5,0,0,1003020,0,0,512,0,0,0,1,0,進化の古代マタタビ
1163,1,0,100,150,200,300,0,0,0,0,0,0,1,0,0,0,1,0,協賛BitSummit記念！
1164,1,0,100,150,200,300,0,0,0,1062000,0,0,59,0,0,0,1,0,じめじめなめなめ大進撃！
1165,1,0,100,150,200,300,0,0,0,1007130,0,0,224,0,0,0,1,0,続・禁断の花嫁
1166,1,0,100,150,200,300,0,0,0,1007110,0,0,224,0,0,0,1,0,だって超夏じゃニャーイ！
1167,1,0,100,150,200,300,0,0,0,1007090,0,0,224,0,0,0,1,0,あの世へのUターンラッシュ！
1168,1,0,100,150,200,300,0,0,0,1007070,0,0,224,0,0,0,1,0,町でみたすごい老人２
1169,1,0,100,150,200,300,0,0,0,1017010,0,0,160,0,0,0,1,0,絶・紅のカタストロフ
1170,1,0,100,150,200,300,0,0,0,1007050,0,0,224,0,0,0,1,0,夜だよ！大運動会
1171,1,0,100,150,200,300,0,0,0,1007030,0,0,224,0,0,0,1,0,働き方レボリューション
1172,1,0,100,150,200,300,0,0,0,1017030,0,0,160,0,0,0,1,0,絶・ダークネスヘブン
1173,1,0,100,150,200,300,9,1,1,1800000,0,0,32,0,0,0,1,0,大逆襲のメタックマ
1174,1,0,100,150,200,300,0,0,0,1065010,0,0,63,0,0,0,1,0,文化祭グルメ戦争
1175,1,0,100,150,200,300,0,0,0,1007010,0,0,224,0,0,0,1,0,宇宙からもクリスマスが来た！
1176,1,0,100,150,200,300,0,0,0,1017050,0,0,160,0,0,0,1,0,絶・国士無双
1177,1,1,100,150,200,300,0,0,0,1019100,0,1,256,0,0,0,1,0,夜は短し夢みよ乙女
1178,3,0,100,150,200,300,0,0,0,0,0,0,8,0,0,0,1,0,赤狩り 1st(旧)
1179,3,0,100,150,200,300,0,0,0,0,0,0,8,0,0,0,1,0,赤狩り 2nd(旧)
1180,3,0,100,150,200,300,0,0,0,0,0,0,8,0,0,0,1,0,赤狩り 3rd(旧)
1181,3,0,100,150,200,300,0,0,0,0,0,0,64,0,0,0,1,0,赤狩り Last(旧)
1182,1,0,100,150,200,300,0,0,0,1026000,0,0,128,0,0,0,1,0,イベントオールスターズ スーパープレゼントDX
1183,1,0,100,150,200,300,0,1,1,0,0,0,1,0,0,0,1,0,バースデープレゼント！
1184,1,0,100,150,200,300,0,0,0,1007230,0,0,224,0,0,0,1,0,新年、あけてました。おめっ...
1185,1,0,100,150,200,300,0,0,0,1017070,0,0,192,0,0,0,1,0,絶・天罰
1186,1,0,100,150,200,300,0,0,0,1007210,0,0,224,0,0,0,1,0,さらに召喚された福！
1187,1,0,100,150,200,300,0,0,0,1017090,0,0,160,0,0,0,1,0,絶・鉄子の部屋
1188,1,0,100,150,200,300,0,0,0,0,0,0,1,0,0,0,1,0,ことよろにゃ！(ΦωΦ)
1189,1,0,100,150,200,300,0,0,0,1017200,0,1,512,0,0,0,1,0,台風零号
1190,1,0,100,150,200,300,0,1,0,1024020,0,0,256,0,0,0,1,0,極ムズカーニバル3！
1191,1,0,100,150,200,300,0,0,0,0,0,0,1,0,0,0,1,0,4000万ダウンロード記念 ハッピープレゼント！
1192,1,0,100,150,200,300,0,0,0,1007190,0,0,224,0,0,0,1,0,雛壇の戦士達SP
1193,1,0,100,150,200,300,0,0,0,1017110,0,0,192,0,0,0,1,0,絶・絶望異次元
1194,1,0,100,150,200,300,0,0,0,1007170,0,0,224,0,0,0,1,0,新・春だよ！高校教師
1195,1,0,100,150,200,300,0,0,0,1017130,0,0,640,0,0,0,1,0,絶・緊急爆風警報
1196,1,0,100,150,200,300,0,0,0,1019010,0,0,640,0,0,0,1,0,絶・断罪天使クオリネル降臨
1197,1,0,100,150,200,300,0,0,0,1007150,0,0,224,0,0,0,1,0,コイの五月病アゲイン
1198,1,0,100,150,200,300,0,0,0,1017150,0,0,640,0,0,0,1,0,絶・ローリングデッド
1199,1,0,100,150,200,300,0,0,0,1019030,0,0,768,0,0,0,1,0,絶・地獄門
1200,1,0,100,150,200,300,0,1,0,1058000,0,0,1,0,0,0,1,0,にゃんこグミ大戦争
1201,1,0,100,150,200,300,0,0,0,1019050,0,0,768,0,0,0,1,0,絶・女帝飛来
1202,1,0,100,150,200,300,0,0,0,0,0,0,1,0,0,0,1,0,協賛BitSummit記念！
1203,1,0,100,150,200,300,0,0,0,1017190,0,0,768,0,0,0,1,0,絶・絶望新次元
1204,1,0,100,150,200,300,0,2,1,1031010,0,0,1,0,0,0,1,0,謎の宅配便
1205,1,0,100,150,200,300,0,0,0,1019070,0,0,768,0,0,0,1,0,絶・亡者デブウ降臨
1206,4,0,100,150,200,300,0,2,0,1057000,0,0,31,0,0,0,1,0,ふたりで！にゃんこ大戦争
1207,1,0,100,150,200,300,0,0,0,1019090,0,0,768,0,0,0,1,0,絶・チワワン伯爵降臨
1208,1,0,100,150,200,300,0,0,0,1014100,0,0,768,0,0,0,1,0,大乱闘狂乱ファミリーズ
1209,1,0,100,150,200,300,0,1,1,1900000,0,0,1,0,0,0,1,0,にゃんにゃん記念日
1210,1,0,100,150,200,300,0,0,0,0,0,0,3,0,0,0,1,0,草原の決闘(旧)
1211,1,0,100,150,200,300,0,0,0,0,0,0,28,0,0,0,1,0,夕焼けの決闘(旧)
1212,1,0,100,150,200,300,0,0,0,0,0,0,48,0,0,0,1,0,星空の決闘(旧)
1213,1,0,100,150,200,300,0,0,0,0,0,0,224,0,0,0,1,0,砂浜の決闘(旧)
1214,1,0,100,150,200,300,0,0,0,1019110,0,0,768,0,0,0,1,0,絶・夜は短し夢みよ乙女
1215,1,1,100,150,200,300,0,0,0,1019120,0,1,256,0,0,0,1,0,ブルーインパクト
1216,1,0,100,150,200,300,0,1,1,0,0,0,1,0,0,0,1,0,バースデープレゼント！
1217,1,0,100,150,200,300,0,0,0,1021000,0,0,512,0,0,0,1,0,奈落門
1218,1,0,100,150,200,300,0,2,1,1031020,0,0,1,0,0,0,1,0,謎の宅配便
1219,1,0,100,150,200,300,0,0,0,1021020,0,0,512,0,0,0,1,0,聖者ポプウ降臨
1220,1,0,100,150,200,300,0,0,0,1021040,0,0,512,0,0,0,1,0,古王妃飛来
1221,1,0,100,150,200,300,0,0,0,0,0,0,1,0,0,0,1,0,ことよろにゃ！(ΦωΦ)
1222,1,0,100,150,200,300,5,0,0,1003030,0,0,512,0,0,0,1,0,進化の虹マタタビ
1223,1,0,100,150,200,300,0,0,0,0,0,0,3,0,0,0,1,0,2019年最多出演敵ベスト５！
1224,1,0,100,150,200,300,0,1,1,1030000,0,0,1,0,0,0,1,0,旧正月ステージ
1225,1,0,100,150,200,300,0,2,1,1031030,0,0,1,0,0,0,1,0,謎の宅配便
1226,1,1,100,150,200,300,0,0,0,1019140,0,1,512,0,0,0,1,0,ほの暗い沼の底から
1227,1,0,100,150,200,300,0,0,0,0,0,0,384,0,0,0,1,0,火口の決闘(旧)
1228,1,0,100,150,200,300,0,0,0,0,0,0,1,0,0,0,1,0,5000万ダウンロード記念 ハッピープレゼント！
1229,1,0,100,150,200,300,0,0,0,1021060,0,0,512,0,0,0,1,0,綺羅星ペロ降臨
1230,1,0,100,150,200,300,0,1,1,0,0,0,1,0,0,0,1,0,バースデープレゼント!
1231,1,0,100,150,200,300,0,0,0,1021080,0,0,512,0,0,0,1,0,死霊妖精クオリネム降臨
1232,1,0,100,150,200,300,0,0,0,1021100,0,0,512,0,0,0,1,0,はじめてのお遣い
1233,1,0,100,150,200,300,0,0,0,0,0,0,384,0,0,0,1,0,地図王の眠る島(旧)
1234,1,0,100,150,200,300,0,2,0,1008030,0,0,496,1,0,0,1,0,大乱闘 春イベスペシャル
1235,1,0,100,150,200,300,0,2,0,1008020,0,0,480,1,0,0,1,0,大乱闘 夏イベスペシャル
1236,1,0,100,150,200,300,0,2,0,1008010,0,0,960,1,0,0,1,0,大乱闘 秋イベスペシャル
1237,1,0,100,150,200,300,0,2,0,1008000,0,0,896,1,0,0,1,0,大乱闘 冬イベスペシャル
1238,1,0,100,150,200,300,0,0,0,0,0,0,3,0,0,0,1,0,タッグ闘技場 ルーキー(旧)
1239,1,0,100,150,200,300,0,0,0,0,0,0,28,0,0,0,1,0,タッグ闘技場 ビギナー(旧)
1240,1,0,100,150,200,300,0,0,0,0,0,0,48,0,0,0,1,0,タッグ闘技場 ベテラン(旧)
1241,1,0,100,150,200,300,0,0,0,0,0,0,224,0,0,0,1,0,タッグ闘技場 プロ(旧)
1242,1,0,100,150,200,300,0,0,0,0,0,0,384,0,0,0,1,0,タッグ闘技場 エキスパート(旧)
1243,1,0,100,150,200,300,0,0,0,1019150,0,0,512,0,0,0,1,0,絶・ほの暗い沼の底から
1244,1,0,100,150,200,300,0,1,1,0,0,0,1,0,0,0,1,0,バースデープレゼント!
1245,1,0,100,150,200,300,0,0,0,0,0,0,3,0,0,0,1,0,2020年最多出演敵ベスト５！
1246,1,1,100,150,200,300,0,0,0,1019160,0,0,512,0,0,0,1,0,破滅への序曲
1247,1,0,100,150,200,300,0,0,0,1017210,0,0,512,0,0,0,1,0,絶・台風零号
1248,1,0,100,150,200,300,0,0,0,0,0,0,768,0,0,0,1,0,海底の決闘(旧)
1249,1,0,100,150,200,300,0,1,0,1058010,0,0,339,0,0,0,1,0,ネコウエハース降臨
1250,1,0,100,150,200,300,0,3,1,1032000,0,0,292,0,0,0,1,0,終末ノ連戦場
1251,1,0,100,150,200,300,0,0,0,1022000,0,0,256,0,0,0,1,0,天使と般若
1252,1,0,100,150,200,300,0,0,0,1022010,0,0,256,0,0,0,1,0,女帝と亡者
1253,1,0,100,150,200,300,0,0,0,1022020,0,0,256,0,0,0,1,0,伯爵と乙女
1254,1,0,100,150,200,300,0,0,0,0,0,0,1,0,0,0,1,0,6000万ダウンロード記念 ハッピープレゼント！
1255,1,0,100,150,200,300,0,3,1,1053040,0,0,48,1,0,0,1,0,魔導書の示す場所
1256,1,0,100,150,200,300,0,3,1,1053050,0,0,48,1,0,0,1,0,異界のしもべ
1257,1,0,100,150,200,300,0,0,0,1053000,0,0,40,1,0,0,1,0,ネコの解放
1258,1,0,100,150,200,300,0,0,0,1053010,0,0,96,1,0,0,1,0,タンクネコの解放
1259,1,0,100,150,200,300,0,0,0,1017160,0,1,128,0,0,0,1,0,メガサターン
1260,4,0,100,150,200,300,0,2,0,1070000,0,0,125,0,0,0,1,0,熱血！大玉転がし
1261,3,0,100,150,200,300,0,2,0,1070010,0,0,122,0,0,0,1,0,熱血！障害物競走
1262,1,0,100,150,200,300,0,2,0,1070020,0,0,26,0,0,0,1,0,熱血！二人三脚バトル  低学年
1263,1,0,100,150,200,300,0,2,0,1070030,0,0,224,0,0,0,1,0,熱血！二人三脚バトル  中学年
1264,1,0,100,150,200,300,0,2,0,1070040,0,0,384,0,0,0,1,0,熱血！二人三脚バトル  高学年
1265,1,0,100,150,200,300,0,3,1,1053060,0,0,48,1,0,0,1,0,デーモンパーク
1266,1,0,100,150,200,300,0,0,0,1053020,0,0,192,1,0,0,1,0,バトルネコの解放
1267,3,0,100,150,200,300,0,2,0,1072020,0,0,125,0,0,0,1,0,韓国版専用お年玉襲来！
1268,1,0,100,150,200,300,0,0,0,1053030,0,0,128,1,0,0,1,0,ネコたちの解放
1269,1,0,100,150,200,300,0,3,1,1052000,0,0,384,1,0,0,1,0,女王の研究報告１
1270,1,0,100,150,200,300,0,3,1,1052010,0,0,256,1,0,0,1,0,女王の研究報告２
1271,1,0,100,150,200,300,0,3,1,1052020,0,0,256,1,0,0,1,0,女王の研究報告３
1272,1,1,100,150,200,300,0,0,0,1019180,0,0,512,0,0,0,1,0,誘惑のシンフォニー
1273,1,1,100,150,200,300,0,0,0,1019200,0,0,1024,0,0,0,1,0,羅生門
1274,1,0,100,150,200,300,5,0,0,1003010,0,0,384,0,0,0,1,0,進化の悪マタタビ
1275,1,0,100,150,200,300,0,3,1,1052030,0,0,256,1,0,0,1,0,女王の研究報告４
1276,1,0,100,150,200,300,0,3,1,1052040,0,0,768,1,0,0,1,0,女王の研究報告５
1277,1,0,100,150,200,300,0,3,1,1054000,0,0,384,1,0,0,1,0,女王の発掘調査１
1278,1,0,100,150,200,300,0,3,1,1054010,0,0,768,1,0,0,1,0,女王の発掘調査２
1279,1,0,100,150,200,300,0,3,1,1054020,0,0,512,1,0,0,1,0,女王の発掘調査３
1280,1,0,100,150,200,300,0,3,1,1054030,0,0,1536,1,0,0,1,0,女王の発掘調査４
1281,1,0,100,150,200,300,0,3,1,1054040,0,0,1024,1,0,0,1,0,女王の発掘調査５
1282,1,0,100,150,200,300,0,2,1,0,30,0,255,0,0,0,1,0,Q1.箱の中身クイズ
1283,1,0,100,150,200,300,0,0,0,0,0,0,173,0,0,0,1,0,Q5.時の運クイズ
1284,1,0,100,150,200,300,0,1,1,1900020,0,0,1,0,0,0,1,0,バースデープレゼント！
1285,1,0,100,150,200,300,0,0,0,0,0,0,3,0,0,0,1,0,2021年最多出演敵ベスト５！
1286,3,0,100,150,200,300,0,2,0,1072030,0,0,125,0,0,0,1,0,お年玉襲来！
1287,1,0,100,150,200,300,0,2,1,1059020,360,0,490,0,0,0,1,0,闇討ちの戦い
1288,1,0,100,150,200,300,0,1,1,1900050,0,0,1,0,0,0,1,0,春節ハッピープレゼント！
1289,1,0,100,150,200,300,0,2,1,1059030,360,0,490,0,0,0,1,0,烈火の乱
1290,1,0,100,150,200,300,0,2,0,1066010,0,0,26,0,0,0,1,0,後輩からの本命チョコ
1291,1,0,100,150,200,300,0,2,0,1066020,0,0,224,0,0,0,1,0,先輩からの本命チョコ
1292,1,0,100,150,200,300,0,2,0,1066030,0,0,384,0,0,0,1,0,幼なじみからの本命チョコ
1293,1,0,100,150,200,300,0,1,1,1900030,0,0,1,0,0,0,1,0,中秋節ハッピープレゼント！
1294,1,0,100,150,200,300,0,0,0,0,0,0,0,0,0,0,1,0,ダミー
1295,1,0,100,150,200,300,0,0,0,0,0,0,0,0,0,0,1,0,ダミー
1296,1,0,100,150,200,300,0,0,0,1021010,0,0,512,0,0,0,1,0,絶・奈落門
1297,4,0,100,150,200,300,0,2,0,1066000,0,0,25,0,0,0,1,0,僕らのバレンタイン戦争
1298,4,0,100,150,200,300,0,2,0,1067010,0,0,63,0,0,0,1,0,Season2～トキメキ文化祭～
1299,1,0,100,150,200,300,0,2,0,1067020,0,0,173,0,0,0,1,0,Season3～修学旅行～
1300,1,0,100,150,200,300,0,2,0,1067040,0,0,7,0,0,0,1,0,Weekend～告白～
1301,1,0,100,150,200,300,0,2,0,1067070,0,0,13,0,0,0,1,0,Weekend～告白～
1302,1,0,100,150,200,300,0,2,0,1067100,0,0,21,0,0,0,1,0,Weekend～告白～
1303,2,0,100,200,200,300,0,2,0,1067120,0,0,63,0,0,0,1,0,Season4～卒業の日～
1304,1,0,100,150,200,300,0,1,1,1900010,0,0,1,0,0,0,1,0,7000万ダウンロード記念 ハッピープレゼント！
1305,1,0,100,150,200,300,0,0,0,1022030,0,0,256,0,0,0,1,0,亡者と河豚
1306,1,0,100,150,200,300,0,0,0,1022040,0,0,256,0,0,0,1,0,女帝と乙女
1307,1,0,100,150,200,300,0,0,0,1022050,0,0,256,0,0,0,1,0,伯爵と天使
1308,3,0,100,150,200,300,0,2,0,1069010,0,0,173,0,0,0,1,0,#03「13日は何曜日」
1309,3,0,100,150,180,300,0,2,0,1069000,0,0,510,0,0,0,1,0,#04「ネコ鳴村」
1310,1,0,100,150,200,300,0,0,0,0,0,0,0,0,0,0,1,0,決闘チャレンジ
1311,1,0,100,150,200,300,0,0,0,0,0,0,0,0,0,0,1,0,タッグ闘技チャレンジ
1312,1,0,100,150,200,300,0,0,1,1045000,0,0,128,1,0,0,1,0,密林の異変
1313,1,0,100,150,200,300,0,0,1,1045010,0,0,256,1,0,0,1,0,砂漠の怪異
1314,1,0,100,150,200,300,0,0,1,1045020,0,0,512,1,0,0,1,0,火山の脅威
1315,1,0,100,150,200,300,0,2,0,1075010,0,0,16,0,0,0,1,0,トントンムシ相撲 予選
1316,1,0,100,150,200,300,0,2,0,1075020,0,0,128,0,0,0,1,0,トントンムシ相撲 準々決勝
1317,1,0,100,150,200,300,0,2,0,1075030,0,0,512,0,0,0,1,0,トントンムシ相撲 準決勝
1318,1,0,100,150,200,300,0,2,0,1075040,0,0,1024,0,0,0,1,0,トントンムシ相撲 決勝
1319,1,0,100,150,200,300,3,1,1,1004040,0,0,1664,0,1,0,1,0,超極悪ゲリラ経験値にゃ！
1320,4,0,100,150,200,200,0,2,0,1064020,0,0,95,0,0,0,1,0,#02 お菓子争奪戦
1321,3,0,100,150,200,300,0,2,0,1064000,0,0,656,0,0,0,1,0,#04 恐怖の悪戯計画
1322,1,0,100,150,200,300,0,0,0,0,0,0,1017,0,0,0,1,0,第2部 敵軍団行進
1323,3,0,100,150,200,300,0,0,0,0,0,0,125,0,0,0,1,0,第5部 名曲パレード
1324,1,0,100,150,200,300,0,1,1,1900040,0,0,1,0,0,0,1,0,バースデープレゼント!
1325,3,0,100,150,200,300,0,2,0,1071020,0,0,79,0,0,0,1,0,第一夜 働くニャンタクロース
1326,1,0,100,150,200,300,0,3,3,1044000,0,0,1024,0,0,0,1,0,進化の虹獣石
1327,1,0,100,150,200,300,0,0,0,0,0,0,3,0,0,0,1,0,2022年最多出演敵ベスト５！
1328,1,0,100,150,200,200,0,1,1,1900060,0,0,1,0,0,0,1,0,8000万ダウンロード記念 ハッピープレゼント！
1329,1,0,100,150,200,200,0,2,0,1067130,0,0,384,0,0,0,1,0,After Story～卒業の日～
1330,1,0,100,150,200,200,0,2,0,1067050,0,0,6,0,0,0,1,0,Weekend～告白リベンジ～
1331,1,0,100,150,200,200,0,2,0,1067080,0,0,12,0,0,0,1,0,Weekend～告白リベンジ～
1332,1,0,100,150,200,200,0,2,0,1067110,0,0,112,0,0,0,1,0,Weekend～告白リベンジ～
1333,1,0,100,150,200,200,0,0,1,1045030,0,0,256,1,0,0,1,0,密林の異変Ⅱ
1334,1,0,100,150,200,200,0,0,1,1045040,0,0,512,1,0,0,1,0,砂漠の怪異Ⅱ
1335,1,0,100,150,200,200,0,0,1,1045050,0,0,1024,1,0,0,1,0,火山の脅威Ⅱ
1336,1,0,100,150,200,200,0,2,1,1059000,360,0,2046,0,0,0,1,0,アンデッドハザード
1337,1,0,100,150,200,200,0,2,0,1068010,0,0,192,0,0,0,1,0,開眼のネコエッグ襲来！
1338,1,0,100,150,200,200,0,0,0,1021070,0,0,1536,0,0,0,1,0,絶・綺羅星ペロ降臨
1339,1,0,100,150,200,200,0,3,1,1011000,0,0,1024,0,0,0,1,0,ちびネコ大試練
1340,1,0,100,150,200,200,0,0,0,1020000,0,0,3584,0,0,0,1,0,大魔王ニャンダム大降臨
1341,1,0,100,150,200,200,0,1,1,1900070,0,0,1,0,0,0,1,0,バースデープレゼント
1342,1,0,100,150,200,200,0,0,0,1017170,0,0,640,0,0,0,1,0,絶・メガサターン
1343,2,0,100,150,200,200,0,2,0,1069020,0,0,61,0,0,0,1,0,#02「恐怖の披露宴」
1344,1,0,100,150,200,200,0,0,0,0,0,0,0,0,0,0,1,0,夏の終わり、宿題(旧)
1345,1,0,100,150,200,200,0,0,1,1045060,0,0,512,1,0,0,1,0,密林の異変Ⅲ
1346,1,0,100,150,200,200,0,0,1,1045070,0,0,1024,1,0,0,1,0,砂漠の怪異Ⅲ
1347,1,0,100,150,200,200,0,0,1,1045080,0,0,1024,1,0,0,1,0,火山の脅威Ⅲ
1348,1,0,100,150,200,200,0,0,0,1020010,0,0,3584,0,0,0,1,0,三途の沼のヌシ大降臨
1349,1,0,100,150,200,200,0,2,1,1059010,360,0,2046,0,0,0,1,0,機械の反乱軍
1350,1,0,100,150,200,200,0,0,0,1016000,0,0,1024,0,0,0,1,0,極悪のネコ降臨
1351,1,0,100,150,200,200,0,0,0,1016010,0,0,1024,0,0,0,1,0,極悪のタンク降臨
1352,1,0,100,150,200,200,0,0,0,1016020,0,0,1024,0,0,0,1,0,極悪のバトル降臨
1353,1,0,100,150,200,200,0,0,0,1016030,0,0,1024,0,0,0,1,0,極悪のキモネコ降臨
1354,1,0,100,150,200,200,0,0,0,1016040,0,0,1024,0,0,0,1,0,極悪のウシ降臨
1355,1,0,100,150,200,200,0,0,0,1016050,0,0,1024,0,0,0,1,0,極悪のトリ降臨
1356,1,0,100,150,200,200,0,0,0,1016060,0,0,1024,0,0,0,1,0,極悪のフィッシュ降臨
1357,1,0,100,150,200,200,0,0,0,1016070,0,0,1024,0,0,0,1,0,極悪のトカゲ降臨
1358,1,0,100,150,200,200,0,0,0,1016080,0,0,1024,0,0,0,1,0,極悪の巨神降臨
1359,1,0,100,150,200,200,0,3,1,1070050,0,0,164,0,0,0,1,0,熱血！リレー大会
1360,1,0,100,150,200,200,0,0,0,1078010,0,0,173,0,0,0,1,0,第2章 ツボ洞窟の死闘
1361,1,0,100,150,200,200,0,0,0,1078000,0,0,1021,0,0,0,1,0,第5章 わんわん城の戦い
1362,1,0,100,150,200,200,0,0,0,1078030,0,0,1,0,0,0,1,0,最終章 決戦！わんわん大王
1363,1,0,100,150,200,200,0,1,1,1900080,0,0,1,0,0,0,1,0,バースデープレゼント！
1364,1,0,100,150,200,200,0,2,0,1071000,0,0,592,0,0,0,1,0,第三夜  聖夜のプレゼント再配達
1365,1,0,100,150,200,200,0,0,0,0,0,0,3,0,0,0,1,0,2023年最多出演敵ベスト５！
1366,1,0,100,150,200,200,0,2,0,1072010,0,0,656,0,0,0,1,0,雪やわんわん
1367,1,0,100,150,200,200,0,2,0,1073000,0,0,480,0,0,0,1,0,春節セールの戦い
1368,1,0,100,150,200,200,0,1,1,1900090,0,0,1,0,0,0,1,0,9000万ダウンロード記念 ハッピープレゼント！
1369,1,0,100,150,200,200,0,0,0,1078050,0,0,944,0,0,0,1,0,厄災のわんわん王国
1370,1,0,100,150,200,200,0,1,1,1900100,0,0,1,0,0,0,1,0,バースデープレゼント！
1371,1,0,100,150,200,200,0,1,1,1900110,0,0,1,0,0,0,1,0,8888万ダウンロード記念
1372,1,0,100,150,200,200,0,2,0,1069040,0,0,112,0,0,0,1,0,週末ハネムーン 1週目
1373,1,0,100,150,200,200,0,2,0,1069050,0,0,208,0,0,0,1,0,週末ハネムーン 2週目
1374,1,0,100,150,200,200,0,2,0,1069060,0,0,336,0,0,0,1,0,週末ハネムーン 最終週
1375,1,0,100,150,200,200,0,0,0,1021110,0,0,1536,0,0,0,1,0,絶・はじめてのお遣い
1376,1,0,100,150,200,200,0,0,0,1016090,0,0,2048,0,0,0,1,0,大乱闘極悪ファミリーズ
1377,1,0,100,150,200,200,0,0,0,1023020,0,0,512,0,0,0,1,0,阿亀と赤子
1378,1,0,100,150,200,200,0,0,0,1023010,0,0,512,0,0,0,1,0,王子と死霊
1379,1,0,100,150,200,200,0,0,0,1023000,0,0,512,0,0,0,1,0,蜜江と聖者
1380,2,0,100,150,200,200,0,2,0,1075050,0,0,148,0,0,0,1,0,夏の夜、帰り道
1381,1,0,100,150,200,200,0,0,0,1021030,0,0,1536,0,0,0,1,0,絶・聖者ポプウ降臨
1382,3,0,100,150,200,200,0,2,0,1076000,0,0,169,0,0,0,1,0,ジャングルサバイバル
1383,1,0,100,150,200,200,0,0,0,1021050,0,0,1536,0,0,0,1,0,絶・古王妃飛来
1384,1,0,100,150,200,200,0,0,0,1065000,0,0,512,0,0,0,1,0,開眼のネコ屋台襲来！
1385,1,0,100,150,200,200,0,2,0,1079070,0,0,31,0,0,0,1,0,天下統一への道 ～前編～
1386,2,0,100,200,200,200,0,2,0,1079000,0,0,84,0,0,0,1,0,合戦！武将ニャンダム
1387,2,0,100,200,200,200,0,2,0,1079010,0,0,336,0,0,0,1,0,合戦！武将般若我王
1388,1,0,100,150,200,200,0,2,0,1079080,0,0,248,0,0,0,1,0,天下統一への道 ～後編～
1389,2,0,100,200,200,200,0,2,0,1079020,0,0,804,0,0,0,1,0,決戦！反逆の戦国魔王
1390,1,0,100,150,200,200,0,1,1,1900120,0,0,1,0,0,0,1,0,バースデープレゼント！
1391,1,0,100,150,200,200,0,0,0,1020020,0,0,3584,0,0,0,1,0,超拳獣ブンナグリオス大降臨
1392,1,0,100,150,200,200,0,0,0,0,0,0,85,0,0,0,1,0,2024年思い出アルバム
1393,1,0,100,150,200,200,0,0,0,1021090,0,0,1536,0,0,0,1,0,絶・死霊妖精クオリネム降臨
1394,1,0,100,150,200,200,0,0,0,1048000,0,0,256,1,0,0,1,0,ネコヴァルキリー大試練
1395,1,0,100,150,200,200,0,0,0,1048010,0,0,256,1,0,0,1,0,ネコムート大試練
1396,1,0,100,150,200,200,0,1,1,1900130,0,0,1,0,0,0,1,0,1億ダウンロード記念 ハッピープレゼント！
1397,1,0,100,150,200,200,0,1,0,1058020,0,0,1,0,0,0,1,0,チョコサプ降臨
1398,1,0,100,150,200,200,0,0,0,1079030,0,0,61,0,0,0,1,0,黒船来航
1399,2,0,100,200,200,200,0,0,0,1079040,0,0,428,0,0,0,1,0,赤船来航
1400,2,0,100,200,200,200,0,0,0,1079050,0,0,916,0,0,0,1,0,蒼船来航
1401,2,0,100,200,200,200,0,0,0,1079060,0,0,804,0,0,0,1,0,開国してください
1402,1,0,100,150,200,200,0,3,1,1500000,0,0,1,0,0,0,1,0,【限定】ご来店プレゼント！
1403,1,0,100,150,200,200,0,2,1,1031040,0,0,1,0,0,0,1,0,謎の宅配便
1404,1,0,100,150,200,200,0,0,0,1019190,0,0,1536,0,0,0,1,0,絶・誘惑のシンフォニー
1405,1,0,100,150,200,200,0,3,1,1076020,0,0,4,0,0,0,1,0,破天候予報
1406,1,0,100,150,200,200,0,0,0,1020030,0,0,3584,0,0,0,1,0,ジャンボーグ鈴木大降臨
1407,3,0,100,150,200,200,0,2,0,1077020,0,0,174,0,0,0,1,0,豪遊リゾートランド
1408,3,0,100,150,200,200,0,2,0,1077030,0,0,174,0,0,0,1,0,サウナスパで極楽
1409,1,0,100,150,200,200,0,1,1,1900140,0,0,1,0,0,0,1,0,1億1000万ダウンロード記念 ハッピープレゼント！
1410,1,0,100,150,200,200,0,2,0,1600000,0,0,1280,0,0,0,1,0,大花火大会開催！
1411,1,0,100,150,200,200,0,0,0,1900150,0,0,15,0,0,0,1,0,ここはにゃんこ大商店！
1412,1,0,100,150,200,200,0,2,0,1081060,0,0,255,0,0,0,1,0,第1話 正義のヒーロー参上！
1413,1,0,100,150,200,200,0,0,0,0,0,0,0,0,0,0,1,0,第4話 秘密特訓(旧)
1414,2,0,100,120,150,150,0,0,0,0,0,0,0,0,0,0,1,0,第5話 宿敵再び(旧)
1415,1,0,100,150,200,200,0,2,0,1081010,0,0,508,0,0,0,1,0,第6話 襲い来る黒幕
1416,1,0,100,150,200,200,0,0,0,0,0,0,0,0,0,0,1,0,最終話 悪の終着点(旧)
1417,1,0,100,150,200,200,0,1,1,1900160,0,0,1,0,0,0,1,0,バースデープレゼント！
1418,1,0,100,150,200,200,0,0,0,0,0,0,85,0,0,0,1,0,2025年思い出アルバム
1419,1,0,100,150,200,200,0,0,0,0,0,0,3,0,0,0,1,0,2025年最多出演敵ベスト５！
1420,1,0,100,150,200,200,0,2,0,1066050,0,0,656,0,0,0,1,0,ほろ苦バレンタイン
1421,1,0,100,150,200,200,0,0,0,1020040,0,0,3584,0,0,0,1,0,トリニティ大降臨
1422,1,0,100,150,200,200,4,0,0,1003000,0,0,16,0,0,0,1,0,進化のマタタビ
1423,1,0,100,150,200,200,0,3,2,1067030,0,0,18,0,0,0,1,0,After School～恋文～
1424,1,0,100,150,200,200,0,3,2,1067060,0,0,36,0,0,0,1,0,After School～恋文～
1425,1,0,100,150,200,200,0,3,2,1067090,0,0,72,0,0,0,1,0,After School～恋文～
1426,1,0,100,150,200,200,0,0,0,1068030,0,0,480,0,0,0,1,0,イースターふしぎ発掘！
1427,1,0,100,150,200,200,0,1,1,1900170,0,0,1,0,0,0,1,0,1億1111万ダウンロード記念 ハッピープレゼント！
1428,1,0,100,150,200,200,0,0,0,1081080,0,0,1536,0,0,0,1,0,真の平和をかけた戦い
1429,1,0,100,150,200,200,0,0,0,1080000,0,0,13,0,0,0,1,0,パズルで豊作！にゃんこ村
1430,1,0,100,150,200,200,0,3,1,1081030,0,0,173,0,0,0,1,0,第4話 秘密特訓
1431,2,0,100,120,150,150,0,0,0,1081020,0,0,436,0,0,0,1,0,第5話 宿敵再び
1432,1,0,100,150,200,200,0,0,0,1081000,0,0,852,0,0,0,1,0,最終話 悪の終着点
1433,1,0,100,150,200,200,0,0,0,1019130,0,0,512,0,0,0,1,0,絶・ブルーインパクト
1434,1,0,100,150,200,200,0,3,5,1077010,0,0,1,0,0,0,1,0,ワンチャンス遊技場
1435,1,0,100,150,200,200,0,0,0,1075070,0,0,11,0,0,0,1,0,夏の終わり、宿題
2000,1,0,100,150,200,300,0,0,0,2001000,0,0,31,0,0,0,1,0,ふるさと自衛隊
2001,4,0,100,150,200,300,0,2,0,2000000,0,0,31,0,0,0,1,0,魅惑のプリンセス
2002,4,0,100,150,200,300,0,2,0,2000010,0,0,38,0,0,0,1,0,ケリ姫ステージ
2003,3,0,100,150,200,300,0,0,0,2002000,0,0,31,0,0,0,1,0,黎明期からの使者
2004,1,0,100,150,200,300,0,0,0,2003000,0,0,63,0,0,0,1,0,拡散性ミリオンアーサー
2005,2,0,100,150,200,300,0,0,0,2004000,0,0,63,0,0,0,1,0,ドラゴンポーカー
2006,1,0,100,150,200,300,0,2,0,2005000,0,0,1,0,0,0,1,0,ラスボス降臨!?
2007,4,0,100,150,200,200,0,2,0,2006010,0,0,64,0,0,0,1,0,地獄のメルクストーリア
2008,4,0,100,150,200,300,0,2,0,2006000,0,0,31,0,0,0,1,0,対決！メルクストーリア
2009,2,0,100,150,200,300,0,0,0,2009000,0,0,21,0,0,0,1,0,ドラゴンリーグ
2010,2,0,100,150,200,300,0,0,0,2010000,0,0,87,0,0,0,1,0,超激突！氣志團！！
2011,1,0,100,150,200,300,0,0,0,0,0,0,0,0,0,0,1,0,生きろ！マンボウ！(旧)
2012,1,0,100,150,200,300,0,0,0,2002010,0,0,136,0,0,0,1,0,開眼のドロイド襲来！
2013,3,0,100,200,300,300,0,0,0,0,0,0,0,0,0,0,1,0,消滅都市 ～第１章～(旧)
2014,3,0,100,200,300,300,0,0,0,0,0,0,0,0,0,0,1,0,消滅都市 ～第２章～(旧)
2015,3,0,100,200,300,300,0,0,0,0,0,0,0,0,0,0,1,0,消滅都市 ～第３章～(旧)
2016,1,0,100,150,200,300,0,0,0,2012000,0,0,19,0,0,0,1,0,極道大戦争
2017,3,0,100,150,200,300,0,0,0,2006020,0,0,0,0,0,0,1,0,逆襲のメルクストーリア(旧)
2018,1,0,100,150,200,300,0,0,0,2006050,0,0,160,0,0,0,1,0,開眼の癒術士襲来！
2019,1,0,100,150,200,300,0,0,0,2017000,0,0,21,0,0,0,1,0,モンハン大狩猟クエスト
2020,1,0,100,150,200,300,0,0,0,2017010,0,0,148,0,0,0,1,0,【緊急】モンハン大狩猟クエスト
2021,4,0,100,150,200,300,0,2,0,2018000,0,0,21,0,0,0,1,0,メタルスラッグディフェンス
2022,4,0,100,150,200,200,0,2,0,2018010,0,0,128,0,0,0,1,0,超メタルスラッグディフェンス
2023,3,0,100,150,200,300,0,0,0,2019000,0,0,47,0,0,0,1,0,神略！ゆるドラシル
2024,3,0,100,150,200,300,0,2,0,2021000,0,0,15,0,0,0,1,0,城とドラゴン
2025,1,0,100,150,200,300,0,0,0,2021010,0,0,31,0,0,0,1,0,開眼の城とドラゴン
2026,4,0,100,150,200,250,0,2,0,2021020,0,0,224,0,0,0,1,0,難攻不落の城とドラゴン
2027,1,0,100,150,200,300,0,0,0,2022000,0,0,41,0,0,0,1,0,まもるよネコさん
2028,1,0,100,150,200,300,0,0,0,0,0,0,0,0,0,0,1,0,開眼のタクヤとユキ(旧)
2029,1,0,100,150,200,300,0,0,0,2023000,0,0,1,0,0,0,1,0,なめこからの挑戦状
2030,1,0,100,150,200,300,0,0,0,2024000,0,0,1,0,0,0,1,0,ふてたネコあらわる
2031,3,0,100,200,300,300,0,0,0,0,0,0,23,0,0,0,1,0,魔法少女まどか☆マギカ
2032,3,0,100,200,300,300,0,0,0,0,0,0,18,0,0,0,1,0,魔女の結界
2033,3,0,100,200,300,300,0,0,0,0,0,0,36,0,0,0,1,0,魔女の結界
2034,3,0,100,200,300,300,0,0,0,0,0,0,72,0,0,0,1,0,魔女の結界
2035,1,0,100,150,200,300,0,0,0,0,0,0,16,0,0,0,1,0,ワルプルギスの夜
2036,1,0,100,150,200,300,0,0,0,2026000,0,0,3,0,0,0,1,0,突撃！キャットバスターズ
2037,1,0,100,150,200,300,0,2,0,2005010,0,0,144,0,0,0,1,0,開眼の歌謡にゃんこ襲来！
2038,1,0,100,150,200,300,0,0,0,2027000,0,0,1,0,0,0,1,0,ピコ太郎
2039,1,0,100,150,200,300,0,0,0,2028000,0,0,1,0,0,0,1,0,TWその２
2040,1,0,100,150,200,300,0,0,0,2029000,0,0,7,0,0,0,1,0,ナゾのウサギ登場!?
2041,3,0,100,200,300,300,0,0,0,2030000,0,0,13,0,0,0,1,0,ALICEの入り口
2042,3,0,100,200,300,300,0,0,0,2030010,0,0,56,0,0,0,1,0,月夜のオールドシティ
2043,1,0,100,150,200,300,0,2,0,2000040,0,0,80,0,0,0,1,0,開眼のケリ姫襲来！
2044,1,0,100,150,200,300,0,2,0,2000050,0,0,80,0,0,0,1,0,開眼の眠れるケリの美女襲来！
2045,3,0,100,200,300,300,0,0,0,0,0,0,0,0,0,0,1,0,失われし世界(旧)
2046,1,0,100,150,200,300,0,0,0,2006060,0,0,144,0,0,0,1,0,開眼のメルク襲来！
2047,1,0,100,150,200,300,0,0,0,2006070,0,0,144,0,0,0,1,0,開眼のティティ襲来！
2048,1,0,100,150,200,300,0,0,0,0,0,0,0,0,0,0,1,0,神秘のメルクストーリア(旧)
2049,3,0,100,200,300,300,0,0,0,2031000,0,0,7,0,0,0,1,0,ぐでぐでしてます
2050,3,0,100,200,300,300,0,0,0,2031010,0,0,56,0,0,0,1,0,どうせ食べられるだけだし
2051,1,0,100,150,200,300,0,0,0,2032000,0,0,1,0,0,0,1,0,ＴＷその３
2052,4,0,100,200,300,300,0,2,0,2034000,0,0,23,0,0,0,1,0,聖杯戦争の始まり
2053,3,0,100,200,300,300,0,0,0,0,0,0,0,0,0,0,1,0,激闘！セイバー襲来！
2054,3,0,100,200,300,300,0,0,0,0,0,0,0,0,0,0,1,0,激闘！ランサー襲来！
2055,3,0,100,200,300,300,0,0,0,0,0,0,0,0,0,0,1,0,激闘！アーチャー襲来！
2056,3,0,100,200,300,300,0,0,0,0,0,0,0,0,0,0,1,0,激闘！ライダー襲来！
2057,3,0,100,200,300,300,0,0,0,0,0,0,0,0,0,0,1,0,大激闘！ギルガメッシュ襲来！
2058,1,0,100,150,200,300,0,0,0,2035000,0,0,13,0,0,0,1,0,パワフル高校2年の夏
2059,1,0,100,150,200,300,0,0,0,2035010,0,0,144,0,0,0,1,0,ダイジョーブ博士の挑戦状
2060,1,0,100,150,200,300,0,0,0,2035020,0,0,34,0,0,0,1,0,デートステージ 猫塚かりん
2061,1,0,100,150,200,300,0,0,0,2035030,0,0,34,0,0,0,1,0,デートステージ 紺野美崎
2062,1,0,100,150,200,300,0,0,0,2035040,0,0,34,0,0,0,1,0,デートステージ 虹谷彩理
2063,1,0,100,150,200,300,0,0,0,2035050,0,0,34,0,0,0,1,0,デートステージ 片桐恋
2064,1,0,100,150,200,300,0,0,0,2037000,0,0,3,0,0,0,1,0,つくね荘からの挑戦状
2065,4,0,100,200,300,400,0,2,0,2038000,0,0,13,0,0,0,1,0,発進！エヴァンゲリオン
2066,4,0,100,200,300,400,0,2,0,2038010,0,0,61,0,0,0,1,0,決戦！ヤシマ作戦
2067,4,0,100,200,300,400,0,0,0,0,0,0,34,0,0,0,1,0,第９の使徒、襲来(旧)
2068,3,0,100,200,300,300,0,0,0,0,0,0,258,0,0,0,1,0,第１０の使徒、襲来(旧)
2069,3,0,100,150,200,300,0,0,0,2039000,0,0,3,0,0,0,1,0,ポコ森の仲間たち
2070,3,0,100,150,200,300,0,0,0,2039010,0,0,44,0,0,0,1,0,仲良し３人組
2071,3,0,100,150,200,300,0,0,0,2040000,0,0,7,0,0,0,1,0,太秦萌の通学
2072,3,0,100,150,200,300,0,0,0,2040010,0,0,14,0,0,0,1,0,松賀咲の通学
2073,3,0,100,150,200,300,0,0,0,2040020,0,0,28,0,0,0,1,0,小野ミサの通学
2074,3,0,100,150,200,300,0,0,0,2040030,0,0,59,0,0,0,1,0,地下鉄に乗るっ
2075,3,0,100,200,300,300,0,0,0,0,0,0,0,0,0,0,1,0,タマシイの都(旧)
2076,3,0,100,200,300,300,0,0,0,2031020,0,0,93,0,0,0,1,0,ぐでぐでしてて忙しい
2077,1,0,100,200,300,300,0,0,0,2031030,0,0,144,0,0,0,1,0,開眼のぐでたまにゃんこ襲来！
2078,3,0,100,115,130,300,0,2,0,2021030,0,0,122,0,0,0,1,0,城ドラ VS 城ドラ
2079,1,0,100,200,300,300,0,0,0,2041000,0,0,3,0,0,0,1,0,キモ激しく動くクマ
2080,4,0,100,150,170,200,0,2,0,2000020,0,0,188,0,0,0,1,0,ケットバス王国の教え
2081,1,0,100,150,200,300,0,0,0,0,0,0,528,0,0,0,1,0,偽りの見滝原
2082,3,0,100,200,300,300,0,0,0,2030020,0,0,188,0,0,0,1,0,女王暴走
2083,1,0,100,200,300,300,0,0,0,2007000,0,0,1,0,0,0,1,0,ヒカキン降臨
2084,1,0,100,200,300,300,0,0,0,2007010,0,0,1,0,0,0,1,0,開眼のヒカキン襲来！
2085,4,0,100,150,200,300,0,2,0,2006030,0,0,38,0,0,0,1,0,逆襲のメルクストーリア
2086,4,0,100,150,200,300,0,2,0,2006040,0,0,37,0,0,0,1,0,神秘のメルクストーリア
2087,2,0,100,150,200,300,0,2,0,2034060,0,0,784,0,0,0,1,0,超激闘！セイバーオルタ襲来！
2088,4,0,100,200,300,400,0,2,0,2011010,0,0,13,0,0,0,1,0,生きろ！マンボウ！
2089,4,0,100,200,300,300,0,2,0,2011000,0,0,61,0,0,0,1,0,３億匹の仲間はみな死んだ
2090,1,0,100,150,200,300,0,0,0,2028010,0,0,6,0,0,0,1,0,開眼の三原慧悟襲来
2091,1,0,100,150,200,300,0,0,0,2043000,0,0,3,0,0,0,1,0,Majimeowと一緒に台湾を巡ろう！
2092,4,0,100,200,300,300,0,2,0,2044000,0,0,13,0,0,0,1,0,聖魔大戦勃発！
2093,1,0,100,150,200,300,0,2,0,2044050,0,0,61,0,0,0,1,0,ビックリマンチョコ
2094,3,0,100,150,200,300,0,2,0,2044010,0,0,72,0,0,0,1,0,対決！魔幻モデル
2095,3,0,100,150,200,300,0,2,0,2044020,0,0,272,0,0,0,1,0,覚醒！ヤマト爆神
2096,3,0,100,200,300,300,0,0,0,2042000,0,0,13,0,0,0,1,0,ゆる～い！ねこ娘襲来！
2097,3,0,100,200,300,300,0,0,0,2042010,0,0,173,0,0,0,1,0,ゆる～いゲゲゲの鬼太郎
2098,3,0,100,200,300,300,0,0,0,0,0,0,0,0,0,0,1,0,消滅都市 ～ロストへ～(旧)
2099,3,0,100,200,300,300,0,0,0,0,0,0,0,0,0,0,1,0,天上の世界(旧)
2100,4,0,100,150,200,100,0,2,0,2000030,0,0,224,0,0,0,1,0,激闘！スイーツ大戦争
2101,1,0,100,150,200,300,0,0,0,2032010,0,0,6,0,0,0,1,0,開眼のチョコレート襲来！
2102,3,0,100,200,300,300,0,0,0,0,0,0,528,0,0,0,1,0,第１３号機、襲来(旧)
2103,3,0,100,150,200,300,0,0,0,2045000,0,0,59,0,0,0,1,0,高雄MRT レッドライン
2104,3,0,100,150,200,300,0,0,0,2045010,0,0,124,0,0,0,1,0,高雄MRT オレンジライン
2105,3,0,100,150,200,300,0,0,0,2046000,0,0,59,0,0,0,1,0,シャクレルプラネット
2106,3,0,100,150,200,300,0,0,0,2047000,0,0,59,0,0,0,1,0,ドットヒーローズ
2107,1,0,100,150,200,300,0,0,0,0,0,0,0,0,0,0,1,0,ストリートファイター EASY(旧)
2108,1,0,100,150,200,300,0,0,0,0,0,0,0,0,0,0,1,0,ストリートファイター NORMAL(旧)
2109,1,0,100,150,200,300,0,0,0,0,0,0,0,0,0,0,1,0,ストリートファイター HARD(旧)
2110,1,0,100,150,200,300,0,0,0,0,0,0,0,0,0,0,1,0,New Challenger(旧)
2111,1,0,100,150,200,300,0,0,0,0,0,0,0,0,0,0,1,0,New Challenger(旧)
2112,1,0,100,150,200,300,0,0,0,0,0,0,0,0,0,0,1,0,New Challenger(旧)
2113,1,0,100,150,200,300,0,0,0,0,0,0,0,0,0,0,1,0,New Challenger(旧)
2114,1,0,100,150,200,300,0,0,0,0,0,0,0,0,0,0,1,0,New Challenger(旧)
2115,1,0,100,150,200,300,0,0,0,0,0,0,0,0,0,0,1,0,New Challenger(旧)
2116,1,0,100,150,200,300,0,0,0,0,0,0,0,0,0,0,1,0,New Challenger(旧)
2117,1,0,100,150,200,300,0,0,0,0,0,0,0,0,0,0,1,0,New Challenger(旧)
2118,1,0,100,150,200,300,0,0,0,0,0,0,0,0,0,0,1,0,New Challenger(旧)
2119,1,0,100,150,200,300,0,0,0,0,0,0,0,0,0,0,1,0,New Challenger(旧)
2120,1,0,100,150,200,300,0,0,0,0,0,0,0,0,0,0,1,0,New Challenger(旧)
2121,1,0,100,150,200,300,0,0,0,0,0,0,0,0,0,0,1,0,New Challenger(旧)
2122,1,0,100,150,200,300,0,0,0,0,0,0,0,0,0,0,1,0,New Challenger(旧)
2123,1,0,100,150,200,300,0,0,0,0,0,0,0,0,0,0,1,0,New Challenger(旧)
2124,1,0,100,150,200,300,0,0,0,0,0,0,0,0,0,0,1,0,New Challenger(旧)
2125,1,0,100,150,200,300,0,0,0,2050000,0,0,3,0,0,0,1,0,７周年★東京スカイツリー
2126,3,0,100,150,200,300,0,0,0,2051000,0,0,13,0,0,0,1,0,初音ミク
2127,3,0,100,150,200,300,0,2,0,2051010,0,0,109,0,0,0,1,0,MIKU EXPO
2128,3,0,100,150,200,300,0,0,0,2051020,0,0,104,0,0,0,1,0,MIKU CHERRY
2129,1,0,100,150,200,300,0,0,0,0,0,0,0,0,0,0,1,0,ハマンボ崎あゆみ 強襲！(旧)
2130,3,0,100,150,200,300,0,0,0,2051010,0,0,109,0,0,0,1,0,MIKU EXPO（韓国版）
2131,3,0,100,150,200,300,0,0,0,2051020,0,0,104,0,0,0,1,0,MIKU CHERRY（韓国版）
2132,1,0,100,150,200,300,0,0,0,2048000,0,0,1,0,0,0,1,0,にゃんこ大泥棒
2133,3,0,100,150,200,300,0,0,0,2052000,0,0,3,0,0,0,1,0,U.F.O.襲来！
2134,1,0,100,150,200,300,0,1,1,2051070,0,0,1,0,0,0,1,0,初音ミクの誕生日！
2135,1,0,100,150,200,300,0,2,0,2049000,0,0,7,0,0,0,1,0,ストリートファイター EASY
2136,1,0,100,150,200,300,0,2,0,2049010,0,0,124,0,0,0,1,0,ストリートファイター NORMAL
2137,1,0,100,150,200,300,0,2,0,2049020,0,0,480,0,0,0,1,0,ストリートファイター HARD
2138,1,0,100,150,200,300,0,0,0,0,0,0,0,0,0,0,1,0,New Challenger(旧)
2139,1,0,100,150,200,300,0,0,0,0,0,0,0,0,0,0,1,0,New Challenger(旧)
2140,1,0,100,150,200,300,0,0,0,0,0,0,0,0,0,0,1,0,New Challenger(旧)
2141,1,0,100,150,200,300,0,0,0,0,0,0,0,0,0,0,1,0,New Challenger(旧)
2142,1,0,100,150,200,300,0,0,0,0,0,0,0,0,0,0,1,0,New Challenger(旧)
2143,1,0,100,150,200,300,0,0,0,0,0,0,0,0,0,0,1,0,New Challenger(旧)
2144,1,0,100,150,200,300,0,0,0,0,0,0,0,0,0,0,1,0,New Challenger(旧)
2145,1,0,100,150,200,300,0,0,0,0,0,0,0,0,0,0,1,0,New Challenger(旧)
2146,1,0,100,150,200,300,0,0,0,0,0,0,0,0,0,0,1,0,New Challenger(旧)
2147,1,0,100,150,200,300,0,0,0,0,0,0,0,0,0,0,1,0,New Challenger(旧)
2148,1,0,100,150,200,300,0,0,0,0,0,0,0,0,0,0,1,0,New Challenger(旧)
2149,1,0,100,150,200,300,0,0,0,0,0,0,0,0,0,0,1,0,New Challenger(旧)
2150,1,0,100,150,200,300,0,0,0,0,0,0,0,0,0,0,1,0,New Challenger(旧)
2151,1,0,100,150,200,300,0,0,0,0,0,0,0,0,0,0,1,0,New Challenger(旧)
2152,1,0,100,150,200,300,0,0,0,0,0,0,0,0,0,0,1,0,New Challenger(旧)
2153,1,0,100,150,200,300,0,0,0,0,0,0,0,0,0,0,1,0,New Challenger(旧)
2154,1,0,100,150,200,300,0,0,0,0,0,0,0,0,0,0,1,0,New Challenger(旧)
2155,1,0,100,150,200,300,0,0,0,0,0,0,0,0,0,0,1,0,New Challenger(旧)
2156,1,0,100,150,200,300,0,0,0,0,0,0,0,0,0,0,1,0,New Challenger(旧)
2157,1,0,100,150,200,300,0,0,0,0,0,0,0,0,0,0,1,0,New Challenger(旧)
2158,1,0,100,150,200,300,0,0,0,0,0,0,0,0,0,0,1,0,New Challenger(旧)
2159,1,0,100,150,200,300,0,0,0,0,0,0,0,0,0,0,1,0,New Challenger(旧)
2160,1,0,100,150,200,300,0,0,0,0,0,0,0,0,0,0,1,0,New Challenger(旧)
2161,1,0,100,150,200,300,0,0,0,0,0,0,0,0,0,0,1,0,New Challenger(旧)
2162,1,0,100,150,200,300,0,2,0,0,0,0,0,0,0,0,1,0,New Challenger(旧)
2163,3,0,100,150,200,300,0,2,0,2051030,0,0,336,0,0,0,1,0,SNOW MIKU
2164,4,0,100,150,200,300,0,2,0,2053000,0,0,23,0,0,0,1,0,波乱！天道道場
2165,4,0,100,150,200,300,0,2,0,2053010,0,0,173,0,0,0,1,0,伝説の呪泉郷
2166,3,0,100,200,300,300,0,2,0,2013000,0,0,143,0,0,0,1,0,消滅都市 ～ロストへ～
2167,1,0,100,150,200,300,0,0,0,2013040,0,0,72,0,0,0,1,0,開眼のタクヤとユキ
2168,3,0,100,200,300,300,0,2,0,2013010,0,0,14,0,0,0,1,0,失われし世界
2169,4,0,100,200,300,150,0,2,0,2013020,0,0,208,0,0,0,1,0,タマシイの都
2170,3,0,100,200,300,300,0,2,0,2013030,0,0,168,0,0,0,1,0,天上の世界
2171,1,0,100,150,200,300,0,0,0,2054010,0,0,512,0,0,0,1,0,決戦！巨大生物ゴジラ
2172,1,0,100,150,200,300,0,0,0,2054000,0,0,145,0,0,0,1,0,ゴジラ対にゃんこ
2173,4,0,100,200,300,300,0,2,0,2025000,0,0,23,0,0,0,1,0,魔法少女になってよ
2174,4,0,100,200,300,300,0,2,0,2025010,0,0,122,0,0,0,1,0,続・魔法少女になってよ
2175,3,0,100,150,200,300,0,0,0,0,0,0,0,0,0,0,1,0,魔女の結界 ～薔薇園の魔女～(旧)
2176,3,0,100,150,200,300,0,0,0,0,0,0,0,0,0,0,1,0,魔女の結界 ～お菓子の魔女～(旧)
2177,3,0,100,150,200,300,0,0,0,0,0,0,0,0,0,0,1,0,魔女の結界 ～ハコの魔女～(旧)
2178,1,0,100,150,200,300,0,2,0,2025050,0,0,1448,0,0,0,1,0,くるみ割りの魔女
2179,1,0,100,150,200,300,0,0,0,2063010,0,0,7,0,0,0,1,0,秋華賞（ＧⅠ）
2180,1,0,100,150,200,300,0,0,0,2063020,0,0,13,0,0,0,1,0,菊花賞（ＧⅠ）
2181,1,0,100,150,200,300,0,0,0,2063030,0,0,21,0,0,0,1,0,天皇賞（秋）（ＧⅠ）
2182,1,0,100,150,200,300,0,0,0,2063040,0,0,63,0,0,0,1,0,有馬記念（ＧⅠ）
2183,3,0,100,150,200,300,0,0,0,2056000,0,0,59,0,0,0,1,0,高雄メトロ レッドライン
2184,3,0,100,150,200,300,0,0,0,2056010,0,0,59,0,0,0,1,0,高雄ライトレール
2185,1,0,100,150,200,300,0,2,0,2064000,0,0,1,0,0,0,1,0,協賛BitSummit記念！
2186,4,0,100,150,200,300,0,0,0,2057000,0,0,59,0,0,0,1,0,対決！玉狛第２のリーダー
2187,4,0,100,150,200,300,0,0,0,2057010,0,0,59,0,0,0,1,0,対決！玉狛第２のエース
2188,1,0,100,150,200,300,0,0,0,2057020,0,0,496,0,0,0,1,0,VS訓練用モールモッド
2189,1,0,100,150,200,300,0,0,0,0,0,0,0,0,0,0,1,0,New Challenger(旧)
2190,1,0,100,150,200,300,0,0,0,0,0,0,0,0,0,0,1,0,New Challenger(旧)
2191,1,0,100,150,200,300,0,0,0,0,0,0,0,0,0,0,1,0,New Challenger(旧)
2192,1,0,100,150,200,300,0,0,0,0,0,0,0,0,0,0,1,0,New Challenger(旧)
2193,1,0,100,150,200,300,0,2,0,2049030,0,0,3840,0,0,0,1,0,ストリートファイター VERY HARD
2194,4,0,100,200,300,300,0,2,0,2034030,0,0,34,0,0,0,1,0,激闘！セイバー襲来！
2195,4,0,100,200,300,300,0,2,0,2034010,0,0,34,0,0,0,1,0,激闘！ランサー襲来！
2196,4,0,100,200,300,300,0,2,0,2034020,0,0,34,0,0,0,1,0,激闘！アーチャー襲来！
2197,4,0,100,200,300,300,0,2,0,2034040,0,0,34,0,0,0,1,0,激闘！ライダー襲来！
2198,4,0,100,150,200,200,0,2,0,2034050,0,0,400,0,0,0,1,0,大激闘！ギルガメッシュ襲来！
2199,3,0,100,150,200,200,0,0,0,2058000,0,0,59,0,0,0,1,0,救出！にゃんこ仮面ライダー
2200,3,0,100,150,200,200,0,0,0,2058010,0,0,59,0,0,0,1,0,救出！ゴジラにゃんこ
2201,3,0,100,150,200,200,0,0,0,2058020,0,0,59,0,0,0,1,0,救出！エヴァンゲリオンにゃんこ
2202,3,0,100,150,200,200,0,0,0,2058030,0,0,59,0,0,0,1,0,救出！ウルトラマンにゃんこ
2203,1,0,100,150,200,200,0,0,0,2058040,0,0,412,0,0,0,1,0,シン・にゃんこ・ヒーローズ
2204,1,0,100,150,200,200,0,0,0,2013050,0,0,72,0,0,0,1,0,開眼の赤髪のゆきにゃん襲来！
2205,4,0,100,200,300,300,0,0,0,0,0,0,0,0,0,0,1,0,第９の使徒、襲来(旧)
2206,3,0,100,200,300,300,0,0,0,0,0,0,0,0,0,0,1,0,第１０の使徒、襲来(旧)
2207,3,0,100,200,300,300,0,0,0,0,0,0,0,0,0,0,1,0,エヴァ第１３号機、襲来(旧)
2208,1,0,100,150,200,200,0,2,0,2038050,0,0,1056,0,0,0,1,0,最終決戦　エヴァ第１３号機
2209,1,0,100,150,200,200,0,2,0,2038080,0,0,1,0,0,0,1,0,さらば、全てのにゃんこ。
2210,1,0,100,150,200,200,0,0,0,2051050,0,0,21,0,0,0,1,0,週末ライブ DAY1
2211,1,0,100,150,200,200,0,0,0,2051060,0,0,672,0,0,0,1,0,週末ライブ DAY2
2212,1,0,100,150,200,200,0,0,0,2051050,0,0,21,0,0,0,1,0,週末ライブ DAY1（韓国版専用）
2213,1,0,100,150,200,200,0,0,0,2051060,0,0,672,0,0,0,1,0,週末ライブ DAY2（韓国版専用）
2214,3,0,100,150,200,200,0,0,0,2059000,0,0,59,0,0,0,1,0,以諾時代
2215,3,0,100,150,200,200,0,0,0,2059010,0,0,59,0,0,0,1,0,対決！瘋頭！
2216,4,0,100,150,200,200,0,0,0,2060000,0,0,31,0,0,0,1,0,るろうに剣心
2217,2,0,100,150,200,200,0,0,0,2060010,0,0,118,0,0,0,1,0,剣心・緋村抜刀斎
2218,2,0,100,150,200,200,0,0,1,2060020,360,0,220,0,0,0,1,0,喧嘩の男・相楽左之助
2219,1,0,100,150,200,200,0,0,0,2060040,0,0,672,0,0,0,1,0,牙を剥く狼・斎藤一
2220,4,0,100,150,200,200,0,0,0,2025020,0,0,122,0,0,0,1,0,魔女の結界 ～薔薇園の魔女～
2221,4,0,100,150,200,200,0,0,0,2025030,0,0,244,0,0,0,1,0,魔女の結界 ～お菓子の魔女～
2222,4,0,100,150,200,200,0,0,0,2025040,0,0,488,0,0,0,1,0,魔女の結界 ～ハコの魔女～
2223,1,0,100,150,200,200,0,0,0,2061050,0,0,127,0,0,0,1,0,地上最強の男たち
2224,4,0,100,150,200,200,0,0,0,2062000,0,0,31,0,0,0,1,0,グリーンヒルゾーン
2225,2,0,100,150,200,200,0,0,0,2062010,0,0,118,0,0,0,1,0,ケミカルプラントゾーン
2226,2,0,100,150,200,200,0,0,0,2062020,0,0,188,0,0,0,1,0,スカイサンクチュアリ
2227,4,0,100,200,300,300,0,2,0,2038020,0,0,34,0,0,0,1,0,第９の使徒、襲来
2228,3,0,100,200,300,300,0,2,0,2038030,0,0,258,0,0,0,1,0,第１０の使徒、襲来
2229,3,0,100,200,300,300,0,2,0,2038040,0,0,528,0,0,0,1,0,エヴァ第１３号機、襲来
2230,1,0,100,150,200,200,0,0,0,2049040,0,0,2,0,0,0,1,0,New Challenger
2231,1,0,100,150,200,200,0,0,0,2049050,0,0,32,0,0,0,1,0,New Challenger
2232,1,0,100,150,200,200,0,0,0,2049060,0,0,2,0,0,0,1,0,New Challenger
2233,1,0,100,150,200,200,0,0,0,2049070,0,0,32,0,0,0,1,0,New Challenger
2234,1,0,100,150,200,200,0,0,0,2049080,0,0,2,0,0,0,1,0,New Challenger
2235,1,0,100,150,200,200,0,0,0,2049090,0,0,32,0,0,0,1,0,New Challenger
2236,1,0,100,150,200,200,0,0,0,2049100,0,0,2,0,0,0,1,0,New Challenger
2237,1,0,100,150,200,200,0,0,0,2049110,0,0,32,0,0,0,1,0,New Challenger
2238,1,0,100,150,200,200,0,0,0,2049120,0,0,2,0,0,0,1,0,New Challenger
2239,1,0,100,150,200,200,0,0,0,2049130,0,0,32,0,0,0,1,0,New Challenger
2240,1,0,100,150,200,200,0,0,0,2049140,0,0,2,0,0,0,1,0,New Challenger
2241,1,0,100,150,200,200,0,0,0,2049150,0,0,32,0,0,0,1,0,New Challenger
2242,1,0,100,150,200,200,0,0,0,2049160,0,0,2,0,0,0,1,0,New Challenger
2243,1,0,100,150,200,200,0,0,0,2049170,0,0,32,0,0,0,1,0,New Challenger
2244,1,0,100,150,200,200,0,0,0,2049180,0,0,2,0,0,0,1,0,New Challenger
2245,1,0,100,150,200,200,0,0,0,2049190,0,0,32,0,0,0,1,0,New Challenger
2246,1,0,100,150,200,200,0,0,0,2049280,0,0,4,0,0,0,1,0,New Challenger
2247,1,0,100,150,200,200,0,0,0,2049290,0,0,64,0,0,0,1,0,New Challenger
2248,1,0,100,150,200,200,0,0,0,2049300,0,0,4,0,0,0,1,0,New Challenger
2249,1,0,100,150,200,200,0,0,0,2049310,0,0,64,0,0,0,1,0,New Challenger
2250,1,0,100,150,200,200,0,0,0,2049320,0,0,4,0,0,0,1,0,New Challenger
2251,1,0,100,150,200,200,0,0,0,2049330,0,0,64,0,0,0,1,0,New Challenger
2252,1,0,100,150,200,200,0,0,0,2049340,0,0,4,0,0,0,1,0,New Challenger
2253,1,0,100,150,200,200,0,0,0,2049350,0,0,64,0,0,0,1,0,New Challenger
2254,1,0,100,150,200,200,0,0,0,2049200,0,0,2,0,0,0,1,0,New Challenger
2255,1,0,100,150,200,200,0,0,0,2049210,0,0,32,0,0,0,1,0,New Challenger
2256,1,0,100,150,200,200,0,0,0,2049220,0,0,2,0,0,0,1,0,New Challenger
2257,1,0,100,150,200,200,0,0,0,2049230,0,0,32,0,0,0,1,0,New Challenger
2258,1,0,100,150,200,200,0,0,0,2049240,0,0,2,0,0,0,1,0,New Challenger
2259,1,0,100,150,200,200,0,0,0,2049250,0,0,32,0,0,0,1,0,New Challenger
2260,1,0,100,150,200,200,0,0,0,2049260,0,0,2,0,0,0,1,0,New Challenger
2261,1,0,100,150,200,200,0,0,0,2049270,0,0,32,0,0,0,1,0,New Challenger
2262,1,0,100,150,200,200,0,0,0,2049360,0,0,272,0,0,0,1,0,New Challenger
2263,4,0,100,150,200,200,0,0,0,2065000,0,0,31,0,0,0,1,0,鬼殺隊 入隊試験
2264,2,0,100,150,200,200,0,0,0,2065010,0,0,118,0,0,0,1,0,那田蜘蛛山の戦い
2265,2,0,100,150,200,200,0,0,0,2065020,0,0,174,0,0,0,1,0,無限列車の戦い
2266,1,0,100,150,200,200,0,0,0,2065040,0,0,17,0,0,0,1,0,特別任務！鬼化クマ先生討伐
2267,1,0,100,150,200,200,0,0,0,2065050,0,0,66,0,0,0,1,0,特別任務！累討伐
2268,1,0,100,150,200,200,0,0,0,2065060,0,0,258,0,0,0,1,0,特別任務！魘夢討伐
2269,1,0,100,150,200,200,0,0,0,2065070,0,0,1026,0,0,0,1,0,特別任務！猗窩座討伐
2270,2,0,100,150,200,200,0,0,0,2034070,0,0,15,0,0,0,1,0,隠された聖杯戦争
2271,1,0,100,150,200,200,0,0,0,2066020,0,0,127,0,0,0,1,0,パックマン登場！
2272,2,0,100,150,200,200,0,0,0,2066000,0,0,254,0,0,0,1,0,パックマンとネコ
3000,1,0,100,150,200,300,0,0,0,0,0,0,3,0,0,0,1,0,日本編第1章
3001,1,0,100,150,200,300,0,0,0,0,0,0,6,0,0,0,1,0,日本編第2章
3002,1,0,100,150,200,300,0,0,0,0,0,0,12,0,0,0,1,0,日本編第3章
3003,1,0,100,150,200,300,0,0,0,0,0,0,30,0,0,0,1,0,未来編第1章
3004,1,0,100,150,200,300,0,0,0,0,0,0,96,0,0,0,1,0,未来編第2章
3005,1,0,100,150,200,300,0,0,0,0,0,0,192,0,0,0,1,0,未来編第3章
3006,1,0,100,150,200,300,0,0,0,0,0,0,224,0,0,0,1,0,宇宙編第1章
3007,1,0,100,150,200,300,0,0,0,0,0,0,384,0,0,0,1,0,宇宙編第2章
3008,1,0,100,150,200,300,0,0,0,0,0,0,256,0,0,0,1,0,宇宙編第3章
4000,1,0,100,150,200,300,0,0,0,0,0,0,64,0,0,0,1,0,進化素材ドロップEX
4001,1,0,100,150,200,300,0,0,0,0,0,0,64,0,0,0,1,0,進化素材ドロップEX
4002,1,0,100,150,200,300,0,0,0,0,0,0,64,0,0,0,1,0,進化素材ドロップEX
4003,1,0,100,150,200,300,0,0,0,0,0,0,64,0,0,0,1,0,進化素材ドロップEX
4004,1,0,100,150,200,300,0,0,0,0,0,0,64,0,0,0,1,0,進化素材ドロップEX
4005,1,0,100,150,200,300,0,0,0,0,0,0,256,0,0,0,1,0,弱り目に祟り目EX
4006,1,0,100,150,200,300,0,0,0,0,0,0,256,0,0,0,1,0,神判の日EX
4007,1,0,100,150,200,300,0,0,0,0,0,0,256,0,0,0,1,0,オーバーテクノロジーEX
4008,1,0,100,150,200,300,0,0,0,0,0,0,16,0,0,0,1,0,マタタビチャレンジEX
4009,1,0,100,150,200,300,0,0,0,0,0,0,16,0,0,0,1,0,マタタビチャレンジEX
4010,1,0,100,150,200,300,0,0,0,0,0,0,16,0,0,0,1,0,マタタビチャレンジEX
4011,1,0,100,150,200,300,0,0,0,0,0,0,16,0,0,0,1,0,マタタビチャレンジEX
4012,1,0,100,150,200,300,0,0,0,0,0,0,32,0,0,0,1,0,マタタビチャレンジEX
4013,1,0,100,150,200,300,0,0,0,0,0,0,32,0,0,0,1,0,マタタビチャレンジEX
4014,1,0,100,150,200,300,0,0,0,0,0,0,32,0,0,0,1,0,マタタビチャレンジEX
4015,1,0,100,150,200,300,0,0,0,0,0,0,32,0,0,0,1,0,マタタビチャレンジEX
4016,1,0,100,150,200,300,0,0,0,0,0,0,64,0,0,0,1,0,マタタビチャレンジEX
4017,1,0,100,150,200,300,0,0,0,0,0,0,64,0,0,0,1,0,マタタビチャレンジEX
4018,1,0,100,150,200,300,0,0,0,0,0,0,64,0,0,0,1,0,マタタビチャレンジEX
4019,1,0,100,150,200,300,0,0,0,0,0,0,64,0,0,0,1,0,マタタビチャレンジEX
4020,1,0,100,150,200,300,0,0,0,0,0,0,64,0,0,0,1,0,マタタビチャレンジEX
4021,1,0,100,150,200,300,0,0,0,0,0,0,256,0,0,0,1,0,狂乱のもねこ降臨EX
4022,1,0,100,150,200,300,0,0,0,0,0,0,512,0,0,0,1,0,進化の古代マタタビEX
4023,1,0,100,150,200,300,0,0,0,0,0,0,1,0,0,0,1,0,協賛BitSummit記念！EX
4024,1,0,100,150,200,300,0,0,0,0,0,0,1,0,0,0,1,0,協賛BitSummit記念！EX
4025,1,0,100,150,200,300,0,0,0,0,0,0,512,0,0,0,1,0,進化の虹マタタビ
4026,1,0,100,120,130,100,0,0,0,0,0,0,1024,0,0,0,1,0,太古の力EX
4027,1,0,100,150,200,300,0,0,0,0,0,0,4,0,0,0,1,0,終末ノ連戦場EX
4028,1,0,100,150,200,300,0,0,0,0,0,0,8,0,0,0,1,0,終末ノ連戦場EX
4029,1,0,100,150,200,300,0,0,0,0,0,0,16,0,0,0,1,0,終末ノ連戦場EX
4030,1,0,100,150,200,300,0,0,0,0,0,0,16,0,0,0,1,0,終末ノ連戦場EX
4031,1,0,100,150,200,300,0,0,0,0,0,0,32,0,0,0,1,0,終末ノ連戦場EX
4032,1,0,100,150,200,300,0,0,0,0,0,0,64,0,0,0,1,0,終末ノ連戦場EX
4033,1,0,100,150,200,300,0,0,0,0,0,0,128,0,0,0,1,0,終末ノ連戦場EX
4034,1,0,100,150,200,300,0,0,0,0,0,0,128,0,0,0,1,0,終末ノ連戦場EX
4035,1,0,100,150,200,300,0,0,0,0,0,0,128,0,0,0,1,0,終末ノ連戦場EX
4036,1,0,100,150,200,300,0,0,0,0,0,0,128,0,0,0,1,0,終末ノ連戦場EX
4037,1,0,100,150,200,300,0,0,0,0,0,0,256,0,0,0,1,0,終末ノ連戦場EX
4038,1,0,100,150,200,300,0,0,0,0,0,0,256,0,0,0,1,0,終末ノ連戦場EX
4039,1,0,100,150,200,300,0,0,0,0,0,0,256,0,0,0,1,0,天使と般若EX
4040,1,0,100,150,200,300,0,0,0,0,0,0,256,0,0,0,1,0,女帝と亡者EX
4041,1,0,100,150,200,300,0,0,0,0,0,0,256,0,0,0,1,0,伯爵と乙女EX
4042,1,0,100,120,130,100,0,0,0,0,0,0,0,0,0,0,1,0,富士山EX
4043,1,0,100,150,200,300,0,0,0,0,0,0,384,0,0,0,1,0,進化素材ドロップEX
4044,1,0,100,150,200,300,0,0,0,0,0,0,384,0,0,0,1,0,進化素材ドロップEX
4045,1,0,100,150,200,300,0,0,0,0,0,0,384,0,0,0,1,0,進化素材ドロップEX
4046,1,0,100,150,200,300,0,0,0,0,0,0,384,0,0,0,1,0,進化素材ドロップEX
4047,1,0,100,150,200,300,0,0,0,0,0,0,1,0,0,0,1,0,時の運EX(天国)
4048,1,0,100,150,200,300,0,0,0,0,0,0,2048,0,0,0,1,0,時の運EX(地獄)
4049,1,0,100,150,200,300,0,0,0,0,0,0,384,0,0,0,1,0,進化素材ドロップEX
4050,1,0,100,150,200,300,0,0,0,0,0,0,384,0,0,0,1,0,進化素材ドロップEX
4051,1,0,100,150,200,300,0,0,0,0,0,0,1,0,0,0,1,0,修学旅行ステージEX
4052,1,0,100,150,200,300,0,0,0,0,0,0,256,0,0,0,1,0,亡者と河豚EX
4053,1,0,100,150,200,300,0,0,0,0,0,0,256,0,0,0,1,0,女帝と乙女EX
4054,1,0,100,150,200,300,0,0,0,0,0,0,256,0,0,0,1,0,伯爵と天使EX
4055,1,0,100,150,200,300,0,0,0,0,0,0,256,0,0,0,1,0,狂乱のもねこ降臨EX
4056,1,0,100,150,200,300,0,0,0,0,0,0,1,0,0,0,1,0,#02「13日は何曜日」EX
4057,1,0,100,150,200,300,0,0,0,0,0,0,8,0,0,0,1,0,お年玉襲来！EX
4058,1,0,100,150,200,300,0,0,0,0,0,0,8,0,0,0,1,0,お年玉襲来！EX(韓国版)
4059,1,0,100,150,200,200,0,0,0,0,0,0,768,0,0,0,1,0,進化素材ドロップEX
4060,1,0,100,150,200,200,0,0,0,0,0,0,1024,0,0,0,1,0,狩人の地図ⅣEX
4061,1,0,100,150,200,200,0,0,0,0,0,0,0,0,0,0,1,0,熱血！リレー大会EX1
4062,1,0,100,150,200,200,0,0,0,0,0,0,0,0,0,0,1,0,熱血！リレー大会EX2
4063,1,0,100,150,200,200,0,0,0,0,0,0,1,0,0,0,1,0,第2章 ツボーン洞窟　EXステージ
4064,1,0,100,150,200,200,0,0,0,0,0,0,0,0,0,0,1,0,進化素材ドロップEX
4065,1,0,100,150,200,200,0,0,0,0,0,0,512,0,0,0,1,0,阿亀と赤子EX
4066,1,0,100,150,200,200,0,0,0,0,0,0,512,0,0,0,1,0,王子と死霊EX
4067,1,0,100,150,200,200,0,0,0,0,0,0,512,0,0,0,1,0,蜜江と聖者EX
4068,1,0,100,150,200,200,0,0,0,0,0,0,0,0,0,0,1,0,イディ第3進化マップ
4069,1,0,100,150,200,200,0,0,0,0,0,0,0,0,0,0,1,0,古代賢者マップ
4070,1,0,100,150,200,200,0,0,0,0,0,0,13,0,0,0,1,0,天下統一への道 ～前編～EX
4071,1,0,100,150,200,200,0,0,0,0,0,0,112,0,0,0,1,0,天下統一への道 ～後編～EX
4072,1,0,100,150,200,200,0,0,0,0,0,0,85,0,0,0,1,0,2024年思い出アルバム ２戦目
4073,1,0,100,150,200,200,0,0,0,0,0,0,85,0,0,0,1,0,2024年思い出アルバム ３戦目
4074,1,0,100,150,200,200,0,0,0,0,0,0,1,0,0,0,1,0,ボーナスステージ
4075,1,0,100,150,200,200,0,0,0,0,0,0,32,0,0,0,1,0,嵐を呼ぶサバイバル　２戦目
4076,1,0,100,150,200,200,0,0,0,0,0,0,256,0,0,0,1,0,嵐を呼ぶサバイバル　３戦目
4077,1,0,100,150,200,200,0,2,0,0,0,0,171,0,0,0,1,0,第1話 正義のヒーロー参上！EX
4078,1,0,100,150,200,200,0,0,0,0,0,0,85,0,0,0,1,0,2025年思い出アルバム ２戦目
4079,1,0,100,150,200,200,0,0,0,0,0,0,85,0,0,0,1,0,2025年思い出アルバム ３戦目
4080,1,0,100,150,200,300,0,0,0,0,0,0,1,0,0,0,1,0,お年玉襲来！EX
4081,1,0,100,150,200,300,0,0,0,0,0,0,1,0,0,0,1,0,パックマンコラボ　EX（仮）
6000,1,0,100,150,200,300,0,0,0,0,0,0,2,0,0,0,0,0,初心の間
6001,1,0,100,150,200,300,0,0,0,0,0,0,2,0,0,0,0,0,ニコニコの間
7000,1,0,100,150,200,300,0,2,0,1050000,0,0,4095,0,0,0,1,0,風雲にゃんこ塔
7001,1,0,100,150,200,300,0,2,0,1049010,0,0,511,0,0,0,1,0,にゃんこ別塔【赤】
7002,1,0,100,150,200,300,0,2,0,1049020,0,0,510,0,0,0,1,0,にゃんこ別塔【黒】
7003,1,0,100,150,200,300,0,2,0,1049030,0,0,510,0,0,0,1,0,にゃんこ別塔【天】
7004,1,0,100,150,200,300,0,2,0,1049040,0,0,510,0,0,0,1,0,にゃんこ別塔【蒼】
7005,1,0,100,150,200,300,0,2,0,1049050,0,0,510,0,0,0,1,0,にゃんこ別塔【屍】
7006,1,0,100,150,200,300,0,2,0,1050010,0,0,4080,0,0,0,1,0,異界にゃんこ塔
7007,1,0,100,150,200,300,0,2,0,1049000,0,0,510,0,0,0,1,0,にゃんこ別塔【無】
7008,1,0,100,150,200,300,0,2,0,1049060,0,0,2032,0,0,0,1,0,にゃんこ別塔【悪】
7009,1,0,100,150,200,300,0,2,0,1049070,0,0,1792,0,0,0,1,0,にゃんこ別塔【古】
7010,1,0,100,150,200,300,0,2,0,1700000,0,0,4095,0,0,0,1,0,黄金にゃんこ塔
7011,1,0,100,150,200,300,0,2,0,1081070,0,0,1023,0,0,0,1,0,魅惑の堕天楼
11000,1,0,100,150,200,300,0,0,0,0,0,0,2,0,0,0,1,0,ランキングの間
11001,1,0,100,150,200,300,0,0,0,0,0,0,2,0,0,0,1,0,ランキングの間
11002,1,0,100,150,200,300,0,0,0,0,0,0,2,0,0,0,1,0,ランキングの間
11003,1,0,100,150,200,300,0,0,0,0,0,0,2,0,0,0,1,0,ランキングの間
11004,1,0,100,150,200,300,0,0,0,0,0,0,2,0,0,0,1,0,ランキングの間
11005,1,0,100,150,200,300,0,0,0,0,0,0,2,0,0,0,1,0,ランキングの間
11006,1,0,100,150,200,300,0,0,0,0,0,0,0,0,0,0,1,0,ランキングの間(旧)
11007,1,0,100,150,200,300,0,0,0,0,0,0,2,0,0,0,1,0,ランキングの間
11008,1,0,100,150,200,300,0,0,0,0,0,0,2,0,0,0,1,0,ランキングの間
11009,1,0,100,150,200,300,0,0,0,0,0,0,2,0,0,0,1,0,ランキングの間
11010,1,0,100,150,200,300,0,0,0,0,0,0,2,0,0,0,1,0,ランキングの間
11011,1,0,100,150,200,300,0,0,0,0,0,0,16,0,0,0,1,0,ランキングの間
11012,1,0,100,150,200,300,0,0,0,0,0,0,16,0,0,0,1,0,ランキングの間
11013,1,0,100,150,200,300,0,0,0,0,0,0,16,0,0,0,1,0,ランキングの間
11014,1,0,100,150,200,300,0,0,0,0,0,0,2,0,0,0,1,0,ランキングの間
11015,1,0,100,150,200,300,0,0,0,0,0,0,2,0,0,0,1,0,ランキングの間
11016,1,0,100,150,200,300,0,0,0,0,0,0,2,0,0,0,1,0,ランキングの間
11017,1,0,100,150,200,300,0,0,0,0,0,0,128,0,0,0,1,0,超・ランキングの間
11018,1,0,100,150,200,300,0,0,0,0,0,0,0,0,0,0,1,0,ランキングの間(旧)
11019,1,0,100,150,200,300,0,0,0,0,0,0,2,0,0,0,1,0,ランキングの間
11020,1,0,100,150,200,300,0,0,0,0,0,0,2,0,0,0,1,0,ランキングの間【外伝】
11021,1,0,100,150,200,300,0,0,0,0,0,0,2,0,0,0,1,0,ランキングの間【外伝】
11022,1,0,100,150,200,300,0,0,0,0,0,0,2,0,0,0,1,0,ランキングの間【外伝】
11023,1,0,100,150,200,300,0,0,0,0,0,0,2,0,0,0,1,0,ランキングの間
11024,1,0,100,150,200,300,0,0,0,0,0,0,2,0,0,0,1,0,ランキングの間
11025,1,0,100,150,200,300,0,0,0,0,0,0,2,0,0,0,1,0,ランキングの間
11026,1,0,100,150,200,300,0,0,0,0,0,0,2,0,0,0,1,0,超ランキングの間
11027,1,0,100,150,200,300,0,0,0,0,0,0,2,0,0,0,1,0,ランキングの間
11028,1,0,100,150,200,300,0,0,0,0,0,0,2,0,0,0,1,0,超ランキングの間
11029,1,0,100,150,200,300,0,0,0,0,0,0,2,0,0,0,1,0,ランキングの間
11030,1,0,100,150,200,300,0,0,0,0,0,0,256,0,0,0,1,0,極ランキングの間
11031,1,0,100,150,200,300,0,0,0,0,0,0,4,0,0,0,1,0,ランキングの間
11032,1,0,100,150,200,300,0,0,0,0,0,0,4,0,0,0,1,0,ランキングの間
11033,1,0,100,150,200,300,0,0,0,0,0,0,256,0,0,0,1,0,極ランキングの間
11034,1,0,100,150,200,300,0,0,0,0,0,0,2,0,0,0,1,0,超ランキングの間
11035,1,0,100,150,200,300,0,0,0,0,0,0,256,0,0,0,1,0,極ランキングの間
11036,1,0,100,150,200,200,0,0,0,0,0,0,256,0,0,0,1,0,極ランキングの間
11037,1,0,100,150,200,200,0,0,0,0,0,0,2,0,0,0,1,0,ランキングの間
11038,1,0,100,150,200,200,0,0,0,0,0,0,256,0,0,0,1,0,極ランキングの間
11039,1,0,100,150,200,200,0,0,0,0,0,0,2,0,0,0,1,0,ランキングの間
11040,1,0,100,150,200,200,0,0,0,0,0,0,256,0,0,0,1,0,極ランキングの間
11041,1,0,100,150,200,200,0,0,0,0,0,0,256,0,0,0,1,0,極ランキングの間
11042,1,0,100,150,200,300,0,0,0,0,0,0,4,0,0,0,1,0,ランキングの間
11043,1,0,100,150,200,200,0,0,0,0,0,0,256,0,0,0,1,0,極ランキングの間
11044,1,0,100,150,200,200,0,0,0,0,0,0,256,0,0,0,1,0,極ランキングの間
11045,1,0,100,150,200,200,0,0,0,0,0,0,256,0,0,0,1,0,極ランキングの間
11046,1,0,100,150,200,200,0,0,0,0,0,0,256,0,0,0,1,0,極ランキングの間
11047,1,0,100,150,200,200,0,0,0,0,0,0,256,0,0,0,1,0,極ランキングの間
11048,1,0,100,150,200,200,0,0,0,0,0,0,4,0,0,0,1,0,ランキングの間
12000,1,0,100,150,200,300,0,0,0,1000000,0,0,4,0,0,0,0,0,チャレンジバトル
13000,4,0,100,150,200,100,0,0,0,0,0,0,512,0,0,0,1,0,真・伝説のはじまり
13001,4,0,100,150,200,100,0,0,0,0,0,0,512,0,0,0,1,0,まんぷく秘境
13002,4,0,100,150,200,100,0,0,0,0,0,0,512,0,0,0,1,0,アドベン大森林
13003,4,0,100,150,200,100,0,0,0,0,0,0,512,0,0,0,1,0,じゃぶじゃぶ旧海道
13004,4,0,100,150,200,100,0,0,0,0,0,0,512,0,0,0,1,0,ワンワン湾
13005,4,0,100,150,200,100,0,0,0,0,0,0,512,0,0,0,1,0,深淵を覗く者
13006,4,0,100,150,200,100,0,0,0,0,0,0,512,0,0,0,1,0,デスメガシティ
13007,4,0,100,150,200,100,0,0,0,0,0,0,512,0,0,0,1,0,無法地帯のオキテ
13008,4,0,100,150,200,100,0,0,0,0,0,0,512,0,0,0,1,0,パラリラ半島
13009,4,0,100,150,200,100,0,0,0,0,0,0,512,0,0,0,1,0,キャットクーデター
13010,4,0,100,140,180,100,0,0,0,0,0,0,512,0,0,0,1,0,桜んぼ島
13011,4,0,100,140,180,100,0,0,0,0,0,0,512,0,0,0,1,0,魂底からの帰化
13012,4,0,100,140,180,100,0,0,0,0,0,0,512,0,0,0,1,0,絶滅海洋タウン
13013,4,0,100,140,180,100,0,0,0,0,0,0,512,0,0,0,1,0,島流しリゾート
13014,4,0,100,140,180,100,0,0,0,0,0,0,512,0,0,0,1,0,まどいの魔道路
13015,4,0,100,140,180,100,0,0,0,0,0,0,512,0,0,0,1,0,天界バル横丁
13016,4,0,100,140,180,100,0,0,0,0,0,0,512,0,0,0,1,0,バトル銭湯
13017,4,0,100,140,180,100,0,0,0,0,0,0,512,0,0,0,1,0,はえぬき三連山
13018,4,0,100,140,180,100,0,0,0,0,0,0,512,0,0,0,1,0,マリン官邸
13019,4,0,100,140,180,100,0,0,0,0,0,0,512,0,0,0,1,0,学園に巣くう悪意
13020,4,0,100,140,180,100,0,0,0,0,0,0,512,0,0,0,1,0,ところてん金鉱
13021,4,0,100,130,170,100,0,0,0,0,0,0,512,0,0,0,1,0,酩酊製鉄所
13022,4,0,100,130,170,100,0,0,0,0,0,0,512,0,0,0,1,0,暴かれし神殿の秘宝
13023,4,0,100,130,170,100,0,0,0,0,0,0,512,0,0,0,1,0,帝政エイジャナイカ
13024,4,0,100,130,170,100,0,0,0,0,0,0,512,0,0,0,1,0,鋼鉄スポーツジム
13025,4,0,100,130,170,100,0,0,0,0,0,0,512,0,0,0,1,0,明星おきの島
13026,4,0,100,130,170,100,0,0,0,0,0,0,512,0,0,0,1,0,眠れる森の何か
13027,4,0,100,130,170,100,0,0,0,0,0,0,512,0,0,0,1,0,ラボラ・トリ島
13028,4,0,100,130,170,100,0,0,0,0,0,0,512,0,0,0,1,0,忘らるる墓所
13029,4,0,100,130,170,100,0,0,0,0,0,0,512,0,0,0,1,0,始まりを告げる朝
13030,4,0,100,130,170,100,0,0,0,0,0,0,512,0,0,0,1,0,ハッピーラッキー寺院
13031,4,0,100,130,170,100,0,0,0,0,0,0,512,0,0,0,1,0,キネマ怪館
13032,4,0,100,130,170,100,0,0,0,0,0,0,512,0,0,0,1,0,ダイバー都市
13033,4,0,100,130,170,100,0,0,0,0,0,0,512,0,0,0,1,0,ナシゴ・レン
13034,4,0,100,130,170,100,0,0,0,0,0,0,512,0,0,0,1,0,DNA果樹園
13035,4,0,100,130,170,100,0,0,0,0,0,0,512,0,0,0,1,0,古代樹の迷宮
13036,4,0,100,130,160,100,0,0,0,0,0,0,1024,0,0,0,1,0,立ちはだかる者達の城
13037,4,0,100,130,150,100,0,0,0,0,0,0,1024,0,0,0,1,0,時空のゆがみ
13038,4,0,100,130,150,100,0,0,0,0,0,0,1024,0,0,0,1,0,大厄災のはじまり
13039,4,0,100,130,150,100,0,0,0,0,0,0,1024,0,0,0,1,0,魔海域ビックラ港
13040,4,0,100,130,150,100,0,0,0,0,0,0,1024,0,0,0,1,0,デッドヒートランド
13041,4,0,100,130,150,100,0,0,0,0,0,0,1024,0,0,0,1,0,バラ色の袋小路
13042,4,0,100,130,150,100,0,0,0,0,0,0,1024,0,0,0,1,0,千年獣の霊峰
13043,4,0,100,120,140,100,0,0,0,0,0,0,1024,0,0,0,1,0,ムーディストビーチ
13044,4,0,100,120,140,100,0,0,0,0,0,0,1024,0,0,0,1,0,猫追いしふるさと
13045,4,0,100,120,140,100,0,0,0,0,0,0,1024,0,0,0,1,0,海賊王商店街
13046,4,0,100,120,140,100,0,0,0,0,0,0,1024,0,0,0,1,0,真なる虚実を紡ぐ道
13047,4,0,100,110,120,100,0,0,0,0,0,0,1024,0,0,0,1,0,人類ネコ化計画
13048,4,0,100,110,120,100,0,0,0,0,0,0,1024,0,0,0,1,0,古代神樹
14000,1,0,100,120,130,100,0,0,0,0,0,0,0,0,0,0,0,0,進化の黄マタタビ(旧)
14001,1,0,100,120,130,100,0,0,0,0,0,0,0,0,0,0,0,0,進化の青マタタビ(旧)
14002,1,0,100,120,130,100,0,0,0,0,0,0,0,0,0,0,0,0,進化の赤マタタビ(旧)
14003,1,0,100,120,130,100,0,0,0,0,0,0,0,0,0,0,0,0,進化の紫マタタビ(旧)
14004,1,0,100,120,130,100,0,0,0,0,0,0,0,0,0,0,0,0,進化の緑マタタビ(旧)
14005,1,0,100,120,130,100,8,3,2,1039000,0,0,16,0,0,0,0,0,逆襲のカオル君
14006,1,0,100,120,130,100,8,3,3,1039010,0,0,16,0,0,0,0,0,逆襲のカバちゃん
14007,1,0,100,120,130,100,8,3,3,1039020,0,0,2,0,0,0,0,0,にゃんチケ★チャンス！
14008,1,0,100,120,130,100,2,3,1,1040010,0,0,512,0,1,0,0,0,超極ゲリラ経験値にゃ！
14009,1,0,100,120,130,100,2,3,2,1040020,0,0,256,0,1,0,0,0,極ゲリラ経験値にゃ！
14010,1,0,100,120,130,100,2,3,3,1040030,0,0,128,0,1,0,0,0,超ゲリラ経験値にゃ！
14011,1,0,100,120,130,100,2,3,3,1040040,0,0,62,0,1,0,0,0,ゲリラ経験値にゃ！
14012,1,0,100,150,200,300,0,3,1,1037000,0,0,128,0,0,0,0,0,断罪天使クオリネル降臨
14013,1,0,100,150,200,300,0,3,1,1037010,0,0,256,0,0,0,0,0,地獄門
14014,1,0,100,150,200,300,0,3,1,1037020,0,0,256,0,0,0,0,0,女帝飛来
14015,1,0,100,150,200,300,0,3,1,1037030,0,0,256,0,0,0,0,0,亡者デブウ降臨
14016,1,0,100,150,200,300,0,3,1,1037040,0,0,256,0,0,0,0,0,チワワン伯爵降臨
14017,1,0,100,150,200,300,0,3,1,1037050,0,0,256,0,0,0,0,0,夜は短し夢みよ乙女
14018,1,0,100,150,200,300,0,3,1,1036000,0,0,16,0,0,0,0,0,紅のカタストロフ
14019,1,0,100,150,200,300,0,3,1,1036010,0,0,16,0,0,0,0,0,ダークネスヘブン
14020,1,0,100,150,200,300,0,3,1,1036020,0,0,16,0,0,0,0,0,国士無双
14021,1,0,100,150,200,300,0,3,1,1036030,0,0,64,0,0,0,0,0,天罰
14022,1,0,100,150,200,300,0,3,1,1036040,0,0,16,0,0,0,0,0,鉄子の部屋
14023,1,0,100,150,200,300,0,3,1,1036050,0,0,64,0,0,0,0,0,絶望異次元
14024,1,0,100,150,200,300,0,3,1,1034000,0,0,64,0,0,0,0,0,狂乱のネコ降臨
14025,1,0,100,150,200,300,0,3,1,1034010,0,0,64,0,0,0,0,0,狂乱のタンク降臨
14026,1,0,100,150,200,300,0,3,1,1034020,0,0,64,0,0,0,0,0,狂乱のバトル降臨
14027,1,0,100,150,200,300,0,3,1,1034030,0,0,64,0,0,0,0,0,狂乱のキモネコ降臨
14028,1,0,100,150,200,300,0,3,1,1034040,0,0,64,0,0,0,0,0,狂乱のウシ降臨
14029,1,0,100,150,200,300,0,3,1,1034050,0,0,64,0,0,0,0,0,狂乱のトリ降臨
14030,1,0,100,150,200,300,0,3,1,1034060,0,0,64,0,0,0,0,0,狂乱のフィッシュ降臨
14031,1,0,100,150,200,300,0,3,1,1034070,0,0,64,0,0,0,0,0,狂乱のトカゲ降臨
14032,1,0,100,150,200,300,0,3,1,1034080,0,0,64,0,0,0,0,0,狂乱の巨神降臨
14033,1,0,100,150,200,300,0,3,1,1037060,0,0,256,0,0,0,0,0,ブルーインパクト
14034,1,0,100,150,200,300,0,3,3,1034090,0,0,336,0,0,0,0,0,狂乱のもねこ降臨
14035,1,0,100,150,200,300,0,3,1,1036060,0,0,128,0,0,0,0,0,緊急爆風警報
14036,1,0,100,150,200,300,0,3,1,1036070,0,0,128,0,0,0,0,0,ローリングデッド
14037,1,0,100,150,200,300,0,3,1,1036100,0,0,512,0,0,0,0,0,台風零号
14038,1,0,100,150,200,300,0,3,1,1036080,0,0,128,0,0,0,0,0,メガサターン
14039,1,0,100,150,200,300,0,3,1,1037070,0,0,512,0,0,0,0,0,ほの暗い沼の底から
14040,1,0,100,150,200,300,0,3,1,1035000,0,0,256,0,0,0,0,0,大狂乱のネコ降臨
14041,1,0,100,150,200,300,0,3,1,1035010,0,0,256,0,0,0,0,0,大狂乱のタンク降臨
14042,1,0,100,150,200,300,0,3,1,1035020,0,0,256,0,0,0,0,0,大狂乱のバトル降臨
14043,1,0,100,150,200,300,0,3,1,1035030,0,0,256,0,0,0,0,0,大狂乱のキモネコ降臨
14044,1,0,100,150,200,300,0,3,1,1035040,0,0,256,0,0,0,0,0,大狂乱のウシ降臨
14045,1,0,100,150,200,300,0,3,1,1035050,0,0,256,0,0,0,0,0,大狂乱のトリ降臨
14046,1,0,100,150,200,300,0,3,1,1035060,0,0,256,0,0,0,0,0,大狂乱のフィッシュ降臨
14047,1,0,100,150,200,300,0,3,1,1035070,0,0,256,0,0,0,0,0,大狂乱のトカゲ降臨
14048,1,0,100,150,200,300,0,3,1,1035080,0,0,256,0,0,0,0,0,大狂乱の巨神降臨
14049,1,0,100,150,200,300,0,3,1,1036090,0,0,128,0,0,0,0,0,絶望新次元
14050,1,0,100,150,200,300,2,3,1,1040000,0,0,1664,0,1,0,0,0,超極悪ゲリラ経験値にゃ！
14051,1,0,100,150,200,300,4,3,3,1038050,0,0,384,0,0,0,0,0,進化の悪マタタビ
16000,1,0,100,150,200,300,0,2,0,1051000,0,0,4095,0,0,0,1,0,レジェンドクエスト
20000,1,0,100,150,200,300,0,0,0,0,0,0,4,0,0,0,1,0,日本編第1章（ゾンビ）
20001,1,0,100,150,200,300,0,0,0,0,0,0,16,0,0,0,1,0,日本編第2章（ゾンビ）
20002,1,0,100,150,200,300,0,0,0,0,0,0,32,0,0,0,1,0,日本編第3章（ゾンビ）
21000,1,0,100,150,200,300,0,0,0,0,0,0,64,0,0,0,1,0,未来編第1章（ゾンビ）
21001,1,0,100,150,200,300,0,0,0,0,0,0,128,0,0,0,1,0,未来編第2章（ゾンビ）
21002,1,0,100,150,200,300,0,0,0,0,0,0,256,0,0,0,1,0,未来編第3章（ゾンビ）
22000,1,0,100,150,200,300,0,0,0,0,0,0,256,0,0,0,1,0,宇宙編第1章（ゾンビ）
22001,1,0,100,150,200,300,0,0,0,0,0,0,256,0,0,0,1,0,宇宙編第2章（ゾンビ）
22002,1,0,100,150,200,300,0,0,0,0,0,0,1536,0,0,0,1,0,宇宙編第3章（ゾンビ）
23000,1,0,100,150,200,300,0,0,0,0,0,0,256,0,0,0,1,0,宇宙編第3章（フィリバスター）
38000,1,0,100,150,200,300,0,0,0,0,0,0,2048,0,0,0,1,0,宇宙編第3章（ゾンビフィリバスター）
24000,1,0,100,150,200,300,0,2,1,0,30,0,0,0,0,0,1,0,ヒュージゴマ強襲 !(旧)
24001,1,0,100,150,200,300,0,2,1,0,30,0,0,0,0,0,1,0,ヒュージゴマ強襲 !!(旧)
24002,1,0,100,150,200,300,0,2,1,0,30,0,0,0,0,0,1,0,ヒュージゴマ強襲 !!!(旧)
24003,1,0,100,150,200,300,0,2,1,0,30,0,0,0,0,0,1,0,ジャイアント黒蔵強襲 !(旧)
24004,1,0,100,150,200,300,0,2,1,0,30,0,0,0,0,0,1,0,ジャイアント黒蔵強襲 !!(旧)
24005,1,0,100,150,200,300,0,2,1,0,30,0,0,0,0,0,1,0,ジャイアント黒蔵強襲 !!!(旧)
24006,1,0,100,150,200,300,0,2,1,0,30,0,0,0,0,0,1,0,ギガガガ強襲 !(旧)
24007,1,0,100,150,200,300,0,2,1,0,30,0,0,0,0,0,1,0,ギガガガ強襲 !!(旧)
24008,1,0,100,150,200,300,0,2,1,0,30,0,0,0,0,0,1,0,ギガガガ強襲 !!!(旧)
24009,1,0,100,150,200,300,0,2,1,0,30,0,0,0,0,0,1,0,デッカーバチャン強襲 !(旧)
24010,1,0,100,150,200,300,0,2,1,0,30,0,0,0,0,0,1,0,デッカーバチャン強襲 !!(旧)
24011,1,0,100,150,200,300,0,2,1,0,30,0,0,0,0,0,1,0,デッカーバチャン強襲 !!!(旧)
24012,1,0,100,150,200,300,0,2,3,0,30,0,511,0,0,0,1,0,ことよろにゃ強襲！(ΦωΦ)
24013,1,0,100,150,200,300,0,2,3,0,30,0,2046,0,0,0,1,0,バレンタイン強襲！
24014,1,0,100,150,200,300,0,2,3,1068020,30,0,2046,0,0,0,1,0,イースター強襲！
24015,1,0,100,150,200,300,0,2,3,1046120,30,0,240,0,0,0,1,0,6月強襲！
24016,1,0,100,150,200,300,0,2,3,1046130,30,0,384,0,0,0,1,0,続・6月強襲！
24017,1,0,100,150,200,300,0,2,3,1046100,30,0,240,0,0,0,1,0,7月強襲！
24018,1,0,100,150,200,300,0,2,3,1046110,30,0,384,0,0,0,1,0,続・7月強襲！
24019,1,0,100,150,200,300,0,2,3,1075080,30,0,255,0,0,0,1,0,ねこのなつやすみ
24020,1,0,100,150,200,300,0,2,3,1047000,30,0,3968,0,0,0,1,0,ヒュージゴマ強襲
24021,1,0,100,150,200,300,0,2,3,1046080,30,0,240,0,0,0,1,0,8月強襲！
24022,1,0,100,150,200,300,0,2,3,1046090,30,0,384,0,0,0,1,0,続・8月強襲！
24023,1,0,100,150,200,300,0,2,3,1046060,30,0,240,0,0,0,1,0,9月強襲！
24024,1,0,100,150,200,300,0,2,3,1046070,30,0,384,0,0,0,1,0,続・9月強襲！
24025,1,0,100,150,200,300,0,2,3,1046040,30,0,240,0,0,0,1,0,10月強襲！
24026,1,0,100,150,200,300,0,2,3,1046050,30,0,384,0,0,0,1,0,続・10月強襲！
24027,1,0,100,150,200,300,0,2,3,1047010,30,0,3968,0,0,0,1,0,ジャイアント黒蔵強襲
24028,1,0,100,150,200,300,0,2,3,1046020,30,0,240,0,0,0,1,0,11月強襲！
24029,1,0,100,150,200,300,0,2,3,1046030,30,0,384,0,0,0,1,0,続・11月強襲！
24030,1,0,100,150,200,300,0,2,3,1046000,30,0,240,0,0,0,1,0,12月強襲！
24031,1,0,100,150,200,300,0,2,3,1046010,30,0,384,0,0,0,1,0,続・12月強襲！
24032,1,0,100,150,200,300,0,2,3,1046220,30,0,240,0,0,0,1,0,1月強襲！
24033,1,0,100,150,200,300,0,2,3,1046230,30,0,384,0,0,0,1,0,続・1月強襲！
24034,1,0,100,150,200,300,0,2,3,1047020,30,0,3968,0,0,0,1,0,ギガガガ強襲
24035,1,0,100,150,200,300,0,2,3,1047030,30,0,3968,0,0,0,1,0,デッカーバチャン強襲
24036,1,0,100,150,200,300,0,2,3,0,30,0,511,0,0,0,1,0,ことよろにゃ強襲！(ΦωΦ)
24037,1,0,100,150,200,300,0,2,3,1047040,30,0,3968,0,0,0,1,0,大天使エクスエル強襲
24038,1,0,100,150,200,300,0,2,3,1047050,30,0,3968,0,0,0,1,0,ビッグペンZ強襲
24039,1,0,100,150,200,300,0,2,3,1046200,30,0,240,0,0,0,1,0,2月強襲！
24040,1,0,100,150,200,300,0,2,3,1046210,30,0,384,0,0,0,1,0,続・2月強襲！
24041,1,0,100,150,200,300,0,2,3,1073010,30,0,255,0,0,0,1,0,お祭りにゃんこ ～春節編～
24042,1,0,100,150,200,300,0,0,0,0,0,0,0,0,0,0,1,0,ネコたちの逆襲(旧)
24043,1,0,100,150,200,300,0,2,3,1046180,30,0,240,0,0,0,1,0,3月強襲！
24044,1,0,100,150,200,300,0,2,3,1046190,30,0,384,0,0,0,1,0,続・3月強襲！
24045,1,0,100,150,200,300,0,2,3,1066040,30,0,2046,0,0,0,1,0,強襲！義理チョコ軍団
24046,1,0,100,150,200,300,0,2,3,1046160,30,0,240,0,0,0,1,0,4月強襲！
24047,1,0,100,150,200,300,0,2,3,1046170,30,0,384,0,0,0,1,0,続・4月強襲！
24048,1,0,100,150,200,300,0,2,3,1067000,30,0,255,0,0,0,1,0,Season1 ～学園生活～
24049,1,0,100,150,200,300,0,2,3,1026010,30,0,1020,0,0,0,1,0,月イベントオールスターズ スター大集合大感謝祭！
24050,1,0,100,150,200,300,0,2,3,1046140,30,0,240,0,0,0,1,0,5月強襲！
24051,1,0,100,150,200,300,0,2,3,1046150,30,0,384,0,0,0,1,0,続・5月強襲！
24052,1,0,100,150,200,300,0,2,3,1069030,30,0,255,0,0,0,1,0,#01「悪霊の式場」
24053,1,0,100,150,200,300,0,2,0,1055000,0,0,1023,0,0,0,1,0,決闘チャレンジ
24054,1,0,100,150,200,300,0,2,0,1055010,0,0,1023,0,0,0,1,0,タッグ闘技チャレンジ
24055,1,0,100,150,200,300,0,0,0,1033000,0,0,384,0,0,0,1,0,秘宝の眠る孤島
24056,1,0,100,150,200,300,0,2,3,1064010,30,0,1016,0,0,0,1,0,#03 ハロウィン百鬼夜行
24057,1,0,100,150,200,300,0,0,3,0,30,0,255,0,0,0,1,0,第1部 10年の軌跡パレード
24058,1,0,100,150,200,300,0,2,3,1071010,30,0,508,0,0,0,1,0,第二夜 聖夜のプレゼント配達
24059,1,0,100,150,200,300,0,2,3,0,30,0,511,0,0,0,1,0,ことよろにゃ強襲！(ΦωΦ)
24060,1,0,100,150,200,300,0,0,0,0,0,0,0,0,0,0,1,0,タンクネコたちの逆襲(旧)
24061,1,0,100,150,200,200,0,2,3,1047060,30,0,3840,0,0,0,1,0,オーメンズ強襲
24062,1,0,100,150,200,300,0,2,3,1078020,30,0,255,0,0,0,1,0,第1章 ネコたちの冒険
24063,1,0,100,150,200,300,0,2,3,0,30,0,511,0,0,0,1,0,ことよろにゃ強襲！(ΦωΦ)
24064,1,0,100,150,200,300,0,2,3,0,30,0,0,0,0,0,1,0,ネコたちの大逆襲(旧)
24065,1,0,100,150,200,300,0,2,3,1047070,30,0,3840,0,0,0,1,0,大型土器ダイハニワン強襲
24066,1,0,100,150,200,300,0,2,3,1078040,30,0,255,0,0,0,1,0,わんわん王国の異変
24067,1,0,100,150,200,300,0,0,0,0,0,0,0,0,0,0,1,0,ねこのなつやすみ サバイバル (旧)
24068,1,0,100,150,200,300,0,2,3,1064030,30,0,255,0,0,0,1,0,#01 ゴーストパニック
24069,1,0,100,150,200,300,0,2,3,0,30,0,511,0,0,0,1,0,ことよろにゃ強襲！(ΦωΦ)
24070,1,0,100,150,200,300,0,2,3,0,30,0,255,0,0,0,1,0,特売バトルロード
24071,1,0,100,150,200,200,0,2,3,1076030,30,0,255,0,0,0,1,0,ねこのなつやすみ　サバイバル
24072,1,0,100,150,200,200,0,2,3,1076010,30,0,1022,0,0,0,1,0,島を守りし者強襲！
24073,1,0,100,150,200,200,0,2,3,1077040,30,0,255,0,0,0,1,0,ねこのなつやすみ パラダイス
24074,1,0,100,150,200,200,0,2,3,1600010,30,0,255,0,0,0,1,0,1億2000万ダウンロード記念 セレブレーション！
24075,1,0,100,150,200,200,0,2,3,1081050,30,0,252,0,0,0,1,0,第2話 悪の巨顔
24076,1,0,100,150,200,200,0,0,0,0,0,0,0,0,0,0,1,0,第3話 黒き貴婦人(旧)
24077,1,0,100,150,200,300,0,2,3,0,30,0,511,0,0,0,1,0,ことよろにゃ強襲！(ΦωΦ)
24078,1,0,100,150,200,200,0,2,3,1074000,30,0,2047,0,0,0,1,0,ネコたちの大逆襲
24079,1,0,100,150,200,200,0,2,3,1080010,30,0,1023,0,0,0,1,0,強襲！いたずらウッディ
24080,1,0,100,150,200,200,0,2,3,1081040,30,0,496,0,0,0,1,0,第3話 黒き貴婦人
24081,1,0,100,150,200,200,0,3,1,1077000,0,0,1023,0,0,0,1,0,億万長者オークション
25000,1,0,100,150,200,300,0,0,1,1042000,0,0,64,0,0,0,1,0,アテイム古戦場
25001,1,0,100,150,200,300,0,0,1,1042000,0,0,64,0,0,0,1,0,ビタミン渓谷
25002,1,0,100,150,200,300,0,0,1,1042000,0,0,128,0,0,0,1,0,にゃんチケ★ハンター
25003,1,0,100,150,200,300,0,0,1,1042000,0,0,64,0,0,0,1,0,精神と時間の小屋
25004,1,0,100,150,200,300,0,0,1,1042000,0,0,128,0,0,0,1,0,精神と時間の洞窟
25005,1,0,100,150,200,300,0,0,1,1042000,0,0,128,0,0,0,1,0,精神と時間の迷宮
25006,1,0,100,150,200,300,0,0,1,1042000,0,0,128,0,0,0,1,0,ねこの目洞窟
25007,1,0,100,150,200,300,0,0,1,1042000,0,0,128,0,0,0,1,0,ビタミン火山
25008,1,0,100,150,200,300,0,0,1,1042000,0,0,128,0,0,0,1,0,にゃんチケ★ハンターG
25009,1,0,100,150,200,300,0,0,1,1042000,0,0,128,0,0,0,1,0,紅き本能の起源
25010,1,0,100,150,200,300,0,0,1,1042000,0,0,256,0,0,0,1,0,紅き本能の頂
25011,1,0,100,150,200,300,0,0,1,1042000,0,0,256,0,0,0,1,0,紅き本能の秘境
25012,1,0,100,150,200,300,0,0,1,1042000,0,0,128,0,0,0,1,0,浮ける本能の起源
25013,1,0,100,150,200,300,0,0,1,1042000,0,0,256,0,0,0,1,0,浮ける本能の頂
25014,1,0,100,150,200,300,0,0,1,1042000,0,0,256,0,0,0,1,0,浮ける本能の秘境
25015,1,0,100,150,200,300,0,0,1,1042000,0,0,128,0,0,0,1,0,黒き本能の起源
25016,1,0,100,150,200,300,0,0,1,1042000,0,0,256,0,0,0,1,0,黒き本能の頂
25017,1,0,100,150,200,300,0,0,1,1042000,0,0,256,0,0,0,1,0,黒き本能の秘境
25018,1,0,100,150,200,300,0,0,1,1042000,0,0,128,0,0,0,1,0,聖なる本能の起源
25019,1,0,100,150,200,300,0,0,1,1042000,0,0,256,0,0,0,1,0,聖なる本能の頂
25020,1,0,100,150,200,300,0,0,1,1042000,0,0,256,0,0,0,1,0,聖なる本能の秘境
25021,1,0,100,150,200,300,0,0,1,1042000,0,0,128,0,0,0,1,0,蒼き本能の起源
25022,1,0,100,150,200,300,0,0,1,1042000,0,0,256,0,0,0,1,0,蒼き本能の頂
25023,1,0,100,150,200,300,0,0,1,1042000,0,0,256,0,0,0,1,0,蒼き本能の秘境
25024,1,0,100,150,200,300,0,0,1,1042000,0,0,128,0,0,0,1,0,朽ちた本能の起源
25025,1,0,100,150,200,300,0,0,1,1042000,0,0,256,0,0,0,1,0,朽ちた本能の頂
25026,1,0,100,150,200,300,0,0,1,1042000,0,0,256,0,0,0,1,0,朽ちた本能の秘境
25027,1,0,100,150,200,300,0,0,1,1042000,0,0,128,0,0,0,1,0,硬き本能の起源
25028,1,0,100,150,200,300,0,0,1,1042000,0,0,256,0,0,0,1,0,硬き本能の頂
25029,1,0,100,150,200,300,0,0,1,1042000,0,0,256,0,0,0,1,0,硬き本能の秘境
25030,1,0,100,150,200,300,0,0,1,1042010,0,0,1,0,0,0,1,0,おんぼろ秘密基地
25031,1,0,100,150,200,300,0,0,1,1042010,0,0,1,0,0,0,1,0,イケてる秘密基地
25032,1,0,100,150,200,300,0,0,1,1042010,0,0,1,0,0,0,1,0,かんぺきな秘密基地
25033,1,0,100,150,200,300,0,0,1,1042000,0,0,128,0,0,0,1,0,紅き本能の起源
25034,1,0,100,150,200,300,0,0,1,1042000,0,0,256,0,0,0,1,0,紅き本能の頂
25035,1,0,100,150,200,300,0,0,1,1042000,0,0,256,0,0,0,1,0,紅き本能の秘境
25036,1,0,100,150,200,300,0,0,1,1042000,0,0,128,0,0,0,1,0,浮ける本能の起源
25037,1,0,100,150,200,300,0,0,1,1042000,0,0,256,0,0,0,1,0,浮ける本能の頂
25038,1,0,100,150,200,300,0,0,1,1042000,0,0,256,0,0,0,1,0,浮ける本能の秘境
25039,1,0,100,150,200,300,0,0,1,1042000,0,0,128,0,0,0,1,0,黒き本能の起源
25040,1,0,100,150,200,300,0,0,1,1042000,0,0,256,0,0,0,1,0,黒き本能の頂
25041,1,0,100,150,200,300,0,0,1,1042000,0,0,256,0,0,0,1,0,黒き本能の秘境
25042,1,0,100,150,200,300,0,0,1,1042000,0,0,128,0,0,0,1,0,聖なる本能の起源
25043,1,0,100,150,200,300,0,0,1,1042000,0,0,256,0,0,0,1,0,聖なる本能の頂
25044,1,0,100,150,200,300,0,0,1,1042000,0,0,256,0,0,0,1,0,聖なる本能の秘境
25045,1,0,100,150,200,300,0,0,1,1042000,0,0,128,0,0,0,1,0,朽ちた本能の起源
25046,1,0,100,150,200,300,0,0,1,1042000,0,0,256,0,0,0,1,0,朽ちた本能の頂
25047,1,0,100,150,200,300,0,0,1,1042000,0,0,256,0,0,0,1,0,朽ちた本能の秘境
25048,1,0,100,150,200,300,0,0,1,1042000,0,0,128,0,0,0,1,0,蒼き本能の起源
25049,1,0,100,150,200,300,0,0,1,1042000,0,0,256,0,0,0,1,0,蒼き本能の頂
25050,1,0,100,150,200,300,0,0,1,1042000,0,0,256,0,0,0,1,0,蒼き本能の秘境
25051,1,0,100,150,200,300,0,0,1,1042010,0,0,1,0,0,0,1,0,おんぼろ秘密基地
25052,1,0,100,150,200,300,0,0,1,1042010,0,0,1,0,0,0,1,0,おんぼろ秘密基地
25053,1,0,100,150,200,300,0,0,1,1042010,0,0,1,0,0,0,1,0,おんぼろ秘密基地
25054,1,0,100,150,200,300,0,0,1,1042010,0,0,1,0,0,0,1,0,イケてる秘密基地
25055,1,0,100,150,200,300,0,0,1,1042010,0,0,1,0,0,0,1,0,イケてる秘密基地
25056,1,0,100,150,200,300,0,0,1,1042010,0,0,1,0,0,0,1,0,イケてる秘密基地
25057,1,0,100,150,200,300,0,0,1,1042010,0,0,1,0,0,0,1,0,かんぺきな秘密基地
25058,1,0,100,150,200,300,0,0,1,1042010,0,0,1,0,0,0,1,0,かんぺきな秘密基地
25059,1,0,100,150,200,300,0,0,1,1042010,0,0,1,0,0,0,1,0,かんぺきな秘密基地
25060,1,0,100,150,200,300,0,0,1,1042010,0,0,128,0,0,0,1,0,狩人の地図Ⅰ
25061,1,0,100,150,200,300,0,0,1,1042010,0,0,256,0,0,0,1,0,狩人の地図Ⅱ
25062,1,0,100,150,200,300,0,0,1,1042010,0,0,512,0,0,0,1,0,狩人の地図Ⅲ
25063,1,0,100,150,200,200,0,0,1,1042000,0,0,256,0,0,0,1,0,悪しき本能の起源
25064,1,0,100,150,200,200,0,0,1,1042000,0,0,256,0,0,0,1,0,悪しき本能の頂
25065,1,0,100,150,200,200,0,0,1,1042000,0,0,512,0,0,0,1,0,悪しき本能の秘境
25066,1,0,100,150,200,300,0,0,1,1042010,0,0,1024,0,0,0,1,0,狩人の地図Ⅳ
25067,1,0,100,150,200,300,0,0,1,1042000,0,0,256,0,0,0,1,0,古き本能の起源
25068,1,0,100,150,200,300,0,0,1,1042000,0,0,256,0,0,0,1,0,古き本能の頂
25069,1,0,100,150,200,300,0,0,1,1042000,0,0,512,0,0,0,1,0,古き本能の秘境
25070,1,0,100,150,200,200,0,0,1,1042020,0,0,2,0,0,0,1,0,再会の地図
25071,1,0,100,150,200,200,0,0,1,1042020,0,0,16,0,0,0,1,0,再会の地図
25072,1,0,100,150,200,200,0,0,1,1042020,0,0,128,0,0,0,1,0,再会の地図
27000,1,0,100,150,200,300,0,2,3,2013060,30,0,2032,0,0,0,1,0,メシエ 強襲！
27001,1,0,100,150,200,300,0,2,3,2052010,30,0,1023,0,0,0,1,0,U.F.O.軍団 強襲！
27002,1,0,100,150,200,300,0,2,3,2044030,30,0,1022,0,0,0,1,0,悪魔軍 強襲 !
27003,1,0,100,150,200,300,0,2,3,2044040,30,0,2032,0,0,0,1,0,天使軍 強襲 !
27004,1,0,100,150,200,300,0,2,3,2006080,30,0,2032,0,0,0,1,0,強襲のメルクストーリア
27005,1,0,100,150,200,300,0,2,3,2051040,30,0,2046,0,0,0,1,0,強襲！電子の歌姫
27006,1,0,100,150,200,300,0,2,3,2051040,30,0,2046,0,0,0,1,0,強襲！電子の歌姫(韓国版)
27007,1,0,100,150,200,300,0,2,3,2038070,30,0,2032,0,0,0,1,0,使徒強襲
27008,1,0,100,150,200,300,0,2,3,0,30,0,510,0,0,0,1,0,強襲！らんま１/２
27009,1,0,100,150,200,300,0,2,3,2025060,30,0,508,0,0,0,1,0,ワルプルギスの夜
27010,1,0,100,150,200,300,0,2,3,2063000,30,0,255,0,0,0,1,0,めざせＧＩ にゃんこ競馬
27011,1,0,100,150,200,300,0,2,3,2021040,30,0,2032,0,0,0,1,0,強襲！城とドラゴン
27012,1,0,100,150,200,300,0,2,3,2053020,30,0,2046,0,0,0,1,0,強襲！らんま1/2
27013,1,0,100,150,200,300,0,2,3,2011020,30,0,4095,0,0,0,1,0,ハマンボ崎あゆみ　強襲！
27014,1,0,100,150,200,300,0,2,3,2034080,30,0,2032,0,0,0,1,0,サーヴァント強襲！
27015,1,0,100,150,200,300,0,2,3,2018020,30,0,2040,0,0,0,1,0,強襲！メタルスラッグ
27016,1,0,100,150,200,300,0,2,3,2059020,30,0,1022,0,0,0,1,0,強襲！神魔の塔
27017,1,0,100,150,200,300,0,2,3,2060030,30,0,2040,0,0,0,1,0,強襲！御頭・四乃森蒼紫
27018,1,0,100,150,200,300,0,2,3,2061000,30,0,2046,0,0,0,1,0,VS花山薫
27019,1,0,100,150,200,300,0,2,3,2061010,30,0,2046,0,0,0,1,0,VS愚地克巳
27020,1,0,100,150,200,300,0,2,3,2061020,30,0,2046,0,0,0,1,0,VS烈海王
27021,1,0,100,150,200,300,0,2,3,2061030,30,0,2046,0,0,0,1,0,VSジャック・ハンマー
27022,1,0,100,150,200,300,0,2,3,2061040,30,0,2046,0,0,0,1,0,VS範馬刃牙
27023,1,0,100,150,200,300,0,2,3,2062030,30,0,2040,0,0,0,1,0,ラジカルハイウェイ
27024,1,0,100,150,200,200,0,2,3,2038060,30,0,1920,0,0,0,1,0,エヴァ量産機強襲
27025,1,0,100,150,200,200,0,2,3,2065030,30,0,2040,0,0,0,1,0,強襲！猗窩座との戦い
27026,1,0,100,150,200,200,0,2,3,2034090,30,0,2040,0,0,0,1,0,真アサシン強襲！
27027,1,0,100,150,200,200,0,2,3,2066010,30,0,1020,0,0,0,1,0,強襲！巨大パックマン
30000,1,0,100,150,200,300,0,0,0,0,0,0,896,0,0,0,1,0,魔界編
31000,1,0,100,150,200,300,0,3,1,1043000,0,0,1008,0,0,0,1,0,ガープラ密林
31001,1,0,100,150,200,300,0,3,1,1043010,0,0,2016,0,0,0,1,0,アシビニ砂漠
31002,1,0,100,150,200,300,0,3,1,1043020,0,0,1920,0,0,0,1,0,ジャンフォレ火山
33000,1,0,100,150,200,300,0,0,0,0,0,0,448,0,0,0,1,0,地底迷宮 グランドアビス
34000,2,0,100,120,200,300,0,0,0,0,0,0,1024,0,0,0,1,0,ゼロフィールド
34001,2,0,100,120,200,300,0,0,0,0,0,0,1024,0,0,0,1,0,時空の最果て
34002,2,0,100,120,200,300,0,0,0,0,0,0,1024,0,0,0,1,0,バリチッチ盆地
34003,2,0,100,120,200,300,0,0,0,0,0,0,1024,0,0,0,1,0,ウルルブ島滞在記
34004,2,0,100,120,200,300,0,0,0,0,0,0,1024,0,0,0,1,0,新世界アリ＝エヘン
34005,2,0,100,120,200,300,0,0,0,0,0,0,1024,0,0,0,1,0,われら海の猫
34006,2,0,100,120,200,300,0,0,0,0,0,0,1024,0,0,0,1,0,対極にある真実
34007,2,0,100,120,200,300,0,0,0,0,0,0,1024,0,0,0,1,0,デシリットル湾の魔物
34008,2,0,100,120,200,300,0,0,0,0,0,0,1024,0,0,0,1,0,枯れた思考の庭
34009,2,0,100,120,200,300,0,0,0,0,0,0,1024,0,0,0,1,0,異空行路の先に
34010,2,0,100,120,200,300,0,0,0,0,0,0,1024,0,0,0,1,0,イトコンバレー
34011,2,0,100,120,200,300,0,0,0,0,0,0,1024,0,0,0,1,0,カルメ桃源郷
34012,2,0,100,120,200,300,0,0,0,0,0,0,1024,0,0,0,1,0,隠されしモルモ島
34013,1,0,100,150,200,300,0,0,0,0,0,0,1024,0,0,0,1,0,行楽地デラ・コスパ
34014,1,0,100,150,200,300,0,0,0,0,0,0,1024,0,0,0,1,0,ゆらぎの禁制区域
34015,1,0,100,150,200,300,0,0,0,0,0,0,1024,0,0,0,1,0,豪華客船ハイパニック
34016,1,0,100,150,200,300,0,0,0,0,0,0,1024,0,0,0,1,0,アンガード大魔宮
34017,1,0,100,150,200,300,0,0,0,0,0,0,1024,0,0,0,1,0,遊園森林ガングール
34018,1,0,100,150,200,300,0,0,0,0,0,0,1024,0,0,0,1,0,ニュータウン海淵
34019,1,0,100,150,200,300,0,0,0,0,0,0,1024,0,0,0,1,0,万物誘う真理の大渦
34020,1,0,100,150,200,300,0,0,0,0,0,0,2048,0,0,0,1,0,新たな時を刻む旅路
34021,1,0,100,150,200,300,0,0,0,0,0,0,2048,0,0,0,1,0,甘味自然公園
34022,1,0,100,150,200,300,0,0,0,0,0,0,2048,0,0,0,1,0,リバース聖墓
34023,1,0,100,150,200,300,0,0,0,0,0,0,2048,0,0,0,1,0,眠りの深淵
34024,1,0,100,150,200,300,0,0,0,0,0,0,2048,0,0,0,1,0,忘却共和国
34025,1,0,100,150,200,300,0,0,0,0,0,0,2048,0,0,0,1,0,ブック列島
34026,1,0,100,150,200,300,0,0,0,0,0,0,2048,0,0,0,1,0,虚栄カンパニー
34027,1,0,100,150,200,300,0,0,0,0,0,0,2048,0,0,0,1,0,マジカ幻想郷
34028,1,0,100,150,200,300,0,0,0,0,0,0,2048,0,0,0,1,0,マッスルエンパイア
34029,1,0,100,150,200,300,0,0,0,0,0,0,2048,0,0,0,1,0,美術工房アートリエ
34030,1,0,100,150,200,300,0,0,0,0,0,0,2048,0,0,0,1,0,変異を伴う継承の楽園
34031,1,0,100,150,200,300,0,0,0,0,0,0,2048,0,0,0,1,0,ニューホライズン
34032,1,0,100,150,200,300,0,0,0,0,0,0,2048,0,0,0,1,0,ン・トーベ地方
34033,1,0,100,150,200,300,0,0,0,0,0,0,2048,0,0,0,1,0,おしゃれクレイジー
34034,1,0,100,150,200,300,0,0,0,0,0,0,2048,0,0,0,1,0,偏愛化学実験場
36000,2,0,100,120,150,150,0,0,0,1041000,0,0,1536,0,0,0,1,0,異次元コロシアム
36001,2,0,100,120,150,150,0,0,0,1041010,0,0,1536,0,0,0,1,0,異次元コロシアム
36002,2,0,100,120,150,150,0,0,0,1041020,0,0,1536,0,0,0,1,0,異次元コロシアム
36003,2,0,100,120,150,150,0,0,0,1041030,0,0,1536,0,0,0,1,0,異次元コロシアム
36004,2,0,100,120,150,150,0,0,0,1041040,0,0,1536,0,0,0,1,0,異次元コロシアム
36005,2,0,100,120,150,150,0,0,0,1041050,0,0,1536,0,0,0,1,0,異次元コロシアム
36006,2,0,100,120,150,150,0,0,0,1041060,0,0,1536,0,0,0,1,0,異次元コロシアム
36007,2,0,100,120,150,150,0,0,0,1041070,0,0,1536,0,0,0,1,0,異次元コロシアム
36008,2,0,100,120,150,150,0,0,0,1041080,0,0,1536,0,0,0,1,0,異次元コロシアム
36009,2,0,100,120,150,150,0,0,0,1041090,0,0,1536,0,0,0,1,0,異次元コロシアム
36010,2,0,100,120,150,150,0,0,0,1041100,0,0,1536,0,0,0,1,0,異次元コロシアム
36011,2,0,100,120,150,150,0,0,0,1041110,0,0,1536,0,0,0,1,0,異次元コロシアム
36012,2,0,100,120,150,150,0,0,0,1041120,0,0,1536,0,0,0,1,0,異次元コロシアム
36013,2,0,100,120,150,150,0,0,0,1041130,0,0,1536,0,0,0,1,0,異次元コロシアム
36014,2,0,100,120,150,150,0,0,0,1041140,0,0,1536,0,0,0,1,0,異次元コロシアム
36015,2,0,100,120,150,150,0,0,0,1041150,0,0,1536,0,0,0,1,0,異次元コロシアム
36016,2,0,100,120,150,150,0,0,0,1041160,0,0,1536,0,0,0,1,0,異次元コロシアム
36017,2,0,100,120,150,150,0,0,0,1041170,0,0,1536,0,0,0,1,0,異次元コロシアム
36018,2,0,100,120,150,150,0,0,0,1041180,0,0,1536,0,0,0,1,0,異次元コロシアム
36019,2,0,100,120,150,150,0,0,0,1041190,0,0,1536,0,0,0,1,0,異次元コロシアム
36020,2,0,100,120,150,150,0,0,0,1041200,0,0,1536,0,0,0,1,0,異次元コロシアム
36021,2,0,100,120,150,150,0,0,0,1041210,0,0,1536,0,0,0,1,0,異次元コロシアム
36022,2,0,100,120,150,150,0,0,0,1041220,0,0,1536,0,0,0,1,0,異次元コロシアム
36023,2,0,100,120,150,150,0,0,0,1041230,0,0,1536,0,0,0,1,0,異次元コロシアム
36024,2,0,100,120,150,150,0,0,0,1041240,0,0,1536,0,0,0,1,0,異次元コロシアム
36025,2,0,100,120,150,150,0,0,0,1041250,0,0,1536,0,0,0,1,0,異次元コロシアム
36026,2,0,100,120,150,150,0,0,0,1041260,0,0,1536,0,0,0,1,0,異次元コロシアム
36027,2,0,100,120,150,150,0,0,0,1041270,0,0,1536,0,0,0,1,0,異次元コロシアム
37000,1,0,100,150,200,300,0,0,0,0,0,0,1,0,0,100,0,0,にゃんこ道検定 初段
37001,1,0,100,150,200,300,0,0,0,0,0,0,2,0,0,100,0,0,にゃんこ道検定 二段
37002,1,0,100,150,200,300,0,0,0,0,0,0,4,0,0,0,0,0,にゃんこ道検定 三段
37003,1,0,100,150,200,300,0,0,0,0,0,0,8,0,0,0,0,0,にゃんこ道検定 四段
37004,1,0,100,150,200,300,0,0,0,0,0,0,16,0,0,0,0,0,にゃんこ道検定 五段
37005,1,0,100,150,200,300,0,0,0,0,0,0,32,0,0,0,0,0,にゃんこ道検定 六段
37006,1,0,100,150,200,300,0,0,0,0,0,0,64,0,0,0,0,0,にゃんこ道検定 七段
37007,1,0,100,150,200,300,0,0,0,0,0,0,128,0,0,0,0,0,にゃんこ道検定 八段
37008,1,0,100,150,200,300,0,0,0,0,0,0,256,0,0,0,0,0,にゃんこ道検定 九段
37009,1,0,100,150,200,300,0,0,0,0,0,0,512,0,0,0,0,0,にゃんこ道検定 十段
37010,1,0,100,150,200,300,0,0,0,0,0,0,1024,0,0,0,0,0,にゃんこ道検定 十一段
37011,1,0,100,150,200,300,0,0,0,0,0,0,2048,0,0,0,0,0,にゃんこ道検定 十二段
39000,1,0,100,150,200,300,0,0,0,1082000,0,0,25,0,0,0,1,1,開演！こねこライブ
