3,0,0,0,0,0,   //城番号
5500,1700000,1,1,1053,20,0,0,0,0, 	//幅,	城体力,	生産最低F,生産最高F,	背景種類,	出現最大数,以後未使用
4,5,50,90,120,100,7,9,0,4800
125,3,100,30,50,100,7,9,0,480,0,0
148,8,300,45,60,100,7,9,0,360
238,1,400,30,90,100,0,0,1,180
274,2,450,700,800,100,6,6,0,1800,0,0
48,0,500,400,500,100,7,9,0,1440,0,0
125,0,600,250,300,100,7,9,0,480,0,0
4,8,700,15,30,100,7,9,0,4800
53,2,800,900,1000,100,6,7,0,480,0,0
715,2,1200,700,800,100,3,4,0,100,0,0
148,8,1500,45,60,100,7,9,0,360
4,8,2200,15,30,100,7,9,0,4800

//敵は１ステージ最大１０種類