5,0,0,0,0,0,   //城番号
4000,50000,1,1,269,12,0,0,0,0,	//幅,	城体力,	生産最低F,生産最高F,	背景種類,	出現最大数,以後未使用
2,5,100,150,200,100,7,9,0,400
6,1,50,300,350,100,4,6,0,400
10,1,350,1,1,100,2,3,0,400
790,1,0,30,90,99,0,0,1,200
2,3,50,50,100,99,7,9,0,400,0,0,1
13,1,0,700,700,99,6,6,0,400,0,0
2,3,300,50,100,99,7,9,0,400,0,0,1
10,1,400,1,1,99,2,3,0,400,0,0,1
6,1,600,450,500,99,4,6,0,400,0,0,1
13,1,800,1,1,99,6,6,0,400,0,0,1
6,1,2000,1,1,99,4,6,0,400,0,0,1
2,2,900,50,100,99,7,9,0,400,0,0,1
2,0,1500,350,400,99,7,9,0,400,0,0,1
23,0,13500,13500,13500,100,9,9,0,100
0,0,0,0,0,0,0,9,0,0,
0,0,0,0,0,0,0,9,0,0,
0,0,0,0,0,0,0,9,0,0,
0,0,0,0,0,0,0,9,0,0,
0,0,0,0,0,0,0,9,0,0,
0,0,0,0,0,0,0,9,0,0,
0,0,0,0,0,0,0,9,0,0,
0,0,0,0,0,0,0,9,0,0,
0,0,0,0,0,0,0,9,0,0,

//敵は１ステージ最大１０種類