	13206404	fdc54af53a64ab8be2a00eb573eac487
144.ogg	840085	836d1b3669d510388010d838366d7981
145.ogg	902403	b9bc1aaa51025b3a5265b425246b21ff
146.ogg	722293	6f3c04f5dde82672f5242e321add5fc0
147.ogg	848943	6bd4f640e0474148eb2bd8de66257902
148.ogg	475020	476ba0b3e7a519f34848d5ae0c56a00e
149.ogg	374547	303d006a3668bfcf634363e2589cfccf
150.ogg	479877	81e4028e45e8a9bd345beabba8292144
151.ogg	3160844	0334f78781bcfc135476a97c36529d02
152.ogg	2384839	00e41d2b13164024a7dc8128f5ad63bd
153.ogg	896532	536778280fcbae342d449f5e6b36b560
154.ogg	893169	5cb5df03761a19444e59cf51758557f8
155.ogg	1280792	8d939a9495e0b72a53bbe65cd441c8ff
