	24058225	e2741cfc492ce665432fa0f0e7940503
080.ogg	891348	5075a7273018fe165b04d940265da3f6
081.ogg	916361	4c2aef35d46218532af5d9a1a86de4c0
082.ogg	1140937	ae086b05d8bfc2318a9da64732262147
083.caf	86784	a63228e7a8a7454894d718dec632de5e
084.caf	130884	38a223c8953d238a309fc4b48169fee2
085.caf	110506	2ecb818da570216b8ff6e246e524f9a4
086.caf	118316	ee7f8a2c1c716ba8158cc41839893e8e
087.ogg	2048831	a3fdb2d2d1724d9a52d2f03d29bd7a5b
088.ogg	821696	7447093dd9ce40de512f4a1482fa1bba
089.ogg	872695	06814636bf4486c63af09650aaf71a05
090.caf	92296	e86fc85e13c690d7213ebfed66fa4287
091.ogg	2019955	8336fffb28dc6d7871d868575609ca0d
092.caf	60922	f89664e6fda4b0bbc597db37c8fec705
093.caf	134818	8d73de8717308a515e4aa3cfa7a91a9f
094.caf	96448	9ffd88cd5612c484e76008a0e83b5f22
095.caf	59056	ac2649bf8043743f19246e46cb8dda40
096.caf	103260	b8861b6d30905536278114c09048dce2
097.ogg	2003348	045e89a424b63c946d4f00f7f1ee21b4
098.ogg	1572498	97d3f1bce9f1963a977ad84b06b02207
099.ogg	2011233	de966745091502faf7885a64966ea951
100.ogg	1458469	ed5881f6a52dea611a8908cd309d8d8b
101.ogg	2074248	8b17af5a885bcdaaced7376d8cb708b5
102.ogg	1594281	a78f07cde3379c1ce7f94328306eb2ce
103.ogg	1463009	caba9f02a46c0a0a3eca006bcadb15c6
104.ogg	2142333	8ed6ff45ef659bd6aa4483ceeb5b7eac
105.caf	278782	1266b90f51e7bb2dba0da000465d29e3
106.caf	172440	f8bca20e8e6bfe7c9492c6778e91d01c
