productionId	イベントトークン	
COMMON	v9tlu3	アプリ外課金共通
D_TBC_PlatinumTicket	act0a2	【Web限定】プラチナチケット
D_TBC_Nekokan225	72kxgi	【アプリ外決済】ネコカン 225個
D_TBC_Nekokan350	5lakcm	【アプリ外決済】ネコカン 350個
D_TBC_Nekokan720	lsu6li	【アプリ外決済】ネコカン 720個
D_TBC_Nekokan1140	pulmg1	【アプリ外決済】ネコカン 1140個
D_TBC_Nekokan1980	os82x6	【アプリ外決済】ネコカン 1980個
D_TBC_Nekokan4200	a0cghf	【アプリ外決済】ネコカン 4200個
D_TBC_Nekokan10700	bputko	【アプリ外決済】ネコカン 10700個
D_TBC_Kansha	s865bo	【アプリ外決済】感謝パック
D_TBC_Gentei01	7hhycs	【アプリ外決済】限定セール！ネコカンパック梅
D_TBC_Gentei02	jvzvmw	【アプリ外決済】限定セール！ネコカンパック竹
D_TBC_Gentei03	1c7ypu	【アプリ外決済】限定セール！ネコカンパック松
D_TBC_Daikansha	893zwq	【アプリ外決済】大感謝パック
D_TBC_ChoGentei01	r1o4kf	【アプリ外決済】超限定セール！ネコカンパック超梅
D_TBC_ChoGentei02	jyn8k5	【アプリ外決済】超限定セール！ネコカンパック超竹
D_TBC_ChoGentei03	ch65n4	【アプリ外決済】超限定セール！ネコカンパック超松